trading_date,Close,Realised_Volatility
2008-01-22,131.02,0.0258379171627588
2008-01-23,133.81,0.0267510742649183
2008-01-24,135,0.0174900632004836
2008-01-25,132.98,0.0152088342017838
2008-01-28,135.32,0.014484318162862
2008-01-29,136.07,0.0109589771661476
2008-01-30,135.36,0.0154380629030731
2008-01-31,137.33,0.0167953970948742
2008-02-01,139.45,0.0130856813640817
2008-02-04,138,0.00900701051157081
2008-02-05,133.7,0.0136359219635922
2008-02-06,132.71,0.0127578724503411
2008-02-07,133.78,0.0164933921455221
2008-02-08,133.12,0.0133860350782889
2008-02-11,133.91,0.0110306552229649
2008-02-12,134.94,0.0104871722370311
2008-02-13,136.71,0.00994203582647889
2008-02-14,135.01,0.0114465716847373
2008-02-15,135.06,0.0102689572736897
2008-02-19,135.04,0.0102859270398778
2008-02-20,136.11,0.0148035247370477
2008-02-21,134.48,0.0114311751375603
2008-02-22,135.64,0.0132914600953793
2008-02-25,137.31,0.0142913941300355
2008-02-26,138.35,0.011274499441801
2008-02-27,138.12,0.0105186039711806
2008-02-28,136.99,0.00987489667106162
2008-02-29,133.23,0.0105132225673401
2008-03-03,133.41,0.0111710681402841
2008-03-04,132.92,0.0144756543475893
2008-03-05,133.7,0.0142729522750855
2008-03-06,130.82,0.0125860069928708
2008-03-07,129.71,0.0164554813617324
2008-03-10,127.86,0.0135756233926131
2008-03-11,132.38,0.0122471610711811
2008-03-12,131.31,0.0109290890130003
2008-03-13,131.92,0.0179100938738327
2008-03-14,129.25,0.0252798115562309
2008-03-17,127.9,0.0202315739999682
2008-03-18,133.34,0.0169589983614124
2008-03-19,130.36,0.0157908614203603
2008-03-20,132.73,0.0130739554055631
2008-03-24,134.77,0.00999577459174686
2008-03-25,135.05,0.0102952238019313
2008-03-26,133.83,0.00963509160830568
2008-03-27,132.45,0.0118845409528921
2008-03-28,131.4,0.0101961742094883
2008-03-31,131.95,0.00956751262828653
2008-04-01,136.81,0.00980767134288536
2008-04-02,136.65,0.00992359679759088
2008-04-03,136.78,0.00917179974978177
2008-04-04,136.95,0.00897896498561421
2008-04-07,137.05,0.00791455831416361
2008-04-08,136.45,0.00781130669067694
2008-04-09,135.39,0.00819339527386611
2008-04-10,135.94,0.00861897567297167
2008-04-11,133.28,0.00853737613467187
2008-04-14,132.81,0.00797058193959154
2008-04-15,133.5,0.00740399688722832
2008-04-16,136.23,0.00716921132296822
2008-04-17,136.48,0.00762906449867628
2008-04-18,138.93,0.00712997124497458
2008-04-21,138.79,0.00598726692203012
2008-04-22,137.69,0.00810756067232033
2008-04-23,137.98,0.00855832333621057
2008-04-24,138.79,0.00987893030937835
2008-04-25,139.76,0.00869864654984523
2008-04-28,139.62,0.00642629953686969
2008-04-29,139.07,0.00684925946996924
2008-04-30,138.43,0.00995824040346955
2008-05-01,140.93,0.00852862617984806
2008-05-02,141.34,0.00838756574817591
2008-05-05,140.71,0.00696720758973733
2008-05-06,141.88,0.00752483744923153
2008-05-07,139.28,0.0083086381793143
2008-05-08,139.84,0.00885322254684467
2008-05-09,138.93,0.00701986952152773
2008-05-12,140.47,0.00629113137249266
2008-05-13,140.4,0.00673258707075511
2008-05-14,140.96,0.00566911019759987
2008-05-15,142.54,0.00666922704295473
2008-05-16,142.65,0.00625761559393044
2008-05-19,142.83,0.00693382922520454
2008-05-20,141.64,0.00713199373062857
2008-05-21,139.3,0.00947135389222252
2008-05-22,139.56,0.00808056769543123
2008-05-23,137.87,0.00811337956729611
2008-05-27,138.75,0.00698803053740015
2008-05-28,139.37,0.00744253260086875
2008-05-29,140.03,0.00776017171333564
2008-05-30,140.12,0.00595260009288835
2008-06-02,138.83,0.00730760484774254
2008-06-03,138.04,0.0101735824648776
2008-06-04,138.04,0.0101337503498375
2008-06-05,140.64,0.0076256497166832
2008-06-06,136.38,0.011484328354299
2008-06-09,136.64,0.0106707782362284
2008-06-10,136.14,0.0103058006459498
2008-06-11,133.95,0.0109168129605293
2008-06-12,134.44,0.00992434022007341
2008-06-13,136.4,0.0109438759266278
2008-06-16,136.44,0.00809131141602875
2008-06-17,135.5,0.00801637530205892
2008-06-18,134.33,0.00913864475034276
2008-06-19,134.71,0.0105353014028714
2008-06-20,131.59,0.00951662592449523
2008-06-23,131.63,0.00873292985540792
2008-06-24,131.24,0.00988213608637954
2008-06-25,132,0.010948074074647
2008-06-26,128.2,0.0112172884060026
2008-06-27,127.8,0.0113270839922154
2008-06-30,127.84,0.00984500373890801
2008-07-01,128.38,0.0144320161691399
2008-07-02,126.07,0.0112900243385626
2008-07-07,125.09,0.0154805965646694
2008-07-08,127.3,0.0151887311645213
2008-07-09,124.44,0.0126403262615908
2008-07-10,125.38,0.0169463859600702
2008-07-11,124.02,0.0210264106771064
2008-07-14,122.82,0.0151690925274305
2008-07-15,121.45,0.0185684013732351
2008-07-16,124.47,0.0135949268061704
2008-07-17,125.91,0.0123085396636428
2008-07-18,125.92,0.0097683225624636
2008-07-21,126,0.00921917601297297
2008-07-22,127.69,0.00994125639838302
2008-07-23,128.22,0.0110004818121367
2008-07-24,125.42,0.00994608669871625
2008-07-25,125.71,0.0104453434170348
2008-07-28,123.57,0.00922789768846102
2008-07-29,126.26,0.00955951559390045
2008-07-30,128.45,0.0107614124747062
2008-07-31,126.83,0.0102946321881314
2008-08-01,126.11,0.0122040199868901
2008-08-04,124.92,0.00895572848075869
2008-08-05,128.42,0.00958353646834403
2008-08-06,129.09,0.00762099472643589
2008-08-07,126.86,0.00911794528837467
2008-08-08,129.62,0.00980401173384446
2008-08-11,130.65,0.0079996497101728
2008-08-12,129.25,0.0087214917173534
2008-08-13,128.82,0.0102159653179714
2008-08-14,129.54,0.00938475666022284
2008-08-15,130.05,0.00899207688340023
2008-08-18,128.25,0.0088392454787558
2008-08-19,127.01,0.00927812402495624
2008-08-20,127.71,0.0104666176638707
2008-08-21,127.99,0.00893222350900548
2008-08-22,129.52,0.00690713134469159
2008-08-25,127.1,0.00875690559852873
2008-08-26,127.43,0.00843733328940633
2008-08-27,128.46,0.00742664661120101
2008-08-28,130.3,0.00714207600259487
2008-08-29,128.69,0.00717696735632414
2008-09-02,128.09,0.00912142773416733
2008-09-03,127.96,0.0110683892656893
2008-09-04,124.09,0.0107369608710092
2008-09-05,124.64,0.0132972877873127
2008-09-08,127.25,0.017370025931982
2008-09-09,122.94,0.0143013624287962
2008-09-10,123.6,0.0138038736892621
2008-09-11,125.51,0.0178643896066453
2008-09-12,125.75,0.0147678504918686
2008-09-15,120.35,0.0199576414166536
2008-09-16,121.96,0.0335367646930601
2008-09-17,116.3,0.0273569984885503
2008-09-18,120.59,0.0343298729375677
2008-09-19,125.03,0.0217288633612073
2008-09-22,120.61,0.0159206034018014
2008-09-23,118.72,0.020086019860697
2008-09-24,118.84,0.0179894730222073
2008-09-25,121.01,0.0162393219821865
2008-09-26,121.37,0.0164128679032192
2008-09-29,112.82,0.0458763145572801
2008-09-30,116.57,0.0189026462274734
2008-10-01,116,0.021038761963981
2008-10-02,111.3,0.0189544026578589
2008-10-03,109.97,0.0294792404706475
2008-10-06,106.27,0.0387565923459382
2008-10-07,99.77,0.0376936695567479
2008-10-08,98.44,0.0496402936973422
2008-10-09,91.76,0.0432917105724075
2008-10-10,90.51,0.0891865016150271
2008-10-13,100.78,0.0265533991530747
2008-10-14,99.91,0.0421091034899785
2008-10-15,90.71,0.0355772550025363
2008-10-16,94.41,0.0581663761958877
2008-10-17,94.07,0.0403635837010292
2008-10-20,98.47,0.0294235757899929
2008-10-21,95.53,0.0278698549068199
2008-10-22,90.14,0.0327416610779865
2008-10-23,91.03,0.0516047194971992
2008-10-24,87.63,0.0509632244343121
2008-10-27,84.86,0.0383101448062072
2008-10-28,94,0.0375898085904296
2008-10-29,92.31,0.0441307837420889
2008-10-30,95.46,0.0339920366765266
2008-10-31,97.17,0.0313024238996609
2008-11-03,96.76,0.0181864174759419
2008-11-04,100.4,0.0187634921790909
2008-11-05,95.46,0.0227572640344005
2008-11-06,90.67,0.032721384727477
2008-11-07,93.21,0.0274812890109297
2008-11-10,92.22,0.0271811389407351
2008-11-11,90.11,0.0304832657150848
2008-11-12,85.67,0.0280891938706447
2008-11-13,91.51,0.0446015366114862
2008-11-14,87.55,0.0361639071016597
2008-11-17,85.39,0.0347585391617789
2008-11-18,86.2,0.035570398511489
2008-11-19,81.13,0.0361000558751917
2008-11-20,75.76,0.0549605633468921
2008-11-21,80.36,0.0514957000853373
2008-11-24,84.94,0.0406629852290117
2008-11-25,86.03,0.0344007250000483
2008-11-26,89.04,0.0253215019817952
2008-11-28,89.9,0.01315751739443
2008-12-01,82.1,0.0252835909928641
2008-12-02,85.4,0.029978184438246
2008-12-03,87.51,0.0347439598976718
2008-12-04,84.89,0.033797788390041
2008-12-05,88.05,0.0357130614317609
2008-12-08,91.24,0.0242751881947428
2008-12-09,89.39,0.0271720287432061
2008-12-10,90.35,0.0240972301161196
2008-12-11,87.96,0.0216147110977647
2008-12-12,88.45,0.0322260299452768
2008-12-15,87.5,0.0232045774875046
2008-12-16,91.85,0.0252046785520683
2008-12-17,90.99,0.0229463662632024
2008-12-18,89.15,0.019652869204921
2008-12-19,88.39,0.0195901786872706
2008-12-22,86.96,0.0184521216401541
2008-12-23,86.17,0.0179469461646299
2008-12-26,87.12,0.00685397874358881
2008-12-29,86.89,0.0116803739634434
2008-12-30,88.89,0.0119815456569946
2008-12-31,90.24,0.0133413392874666
2009-01-02,92.98,0.0124708675874869
2009-01-05,92.8,0.0159924201976628
2009-01-06,93.44,0.0157748009526172
2009-01-07,90.7,0.0145699022962166
2009-01-08,91.08,0.0150722922450132
2009-01-09,89.01,0.0165991353384639
2009-01-12,86.99,0.0129335932539369
2009-01-13,87.1,0.0193167714756893
2009-01-14,84.35,0.0189850332347436
2009-01-15,84.49,0.0255815529835422
2009-01-16,84.97,0.022504852426723
2009-01-20,80.62,0.0237033213312319
2009-01-21,84.04,0.0226316254129137
2009-01-22,82.78,0.0271727086338043
2009-01-23,83.11,0.02602281910058
2009-01-26,83.72,0.0222247960819386
2009-01-27,84.56,0.0192546202831615
2009-01-28,87.43,0.0181759960769452
2009-01-29,84.57,0.0164927013378215
2009-01-30,82.69,0.0201597150950274
2009-02-02,82.6,0.0178475825034521
2009-02-03,83.81,0.0177785146604683
2009-02-04,83.31,0.0177385194018953
2009-02-05,84.65,0.0200818683308565
2009-02-06,86.96,0.0164011435767166
2009-02-09,87.16,0.013067215867239
2009-02-10,82.96,0.0243688528881612
2009-02-11,83.67,0.0172925884815458
2009-02-12,83.72,0.022948676060444
2009-02-13,82.79,0.0181886016186925
2009-02-17,79.22,0.0219125579228603
2009-02-18,79.06,0.0217570205773989
2009-02-19,78.28,0.01755798566548
2009-02-20,77.41,0.0254812077297778
2009-02-23,74.78,0.0209176732226335
2009-02-24,77.56,0.0207366585983247
2009-02-25,76.85,0.024947216186073
2009-02-26,75.66,0.0220093196954839
2009-02-27,73.99,0.0278433822955161
2009-03-02,70.58,0.0216659002058864
2009-03-03,70.04,0.0270199066078804
2009-03-04,71.73,0.0224811503670674
2009-03-05,68.77,0.0237347631935611
2009-03-06,68.85,0.0295676526958167
2009-03-09,68.07,0.024430305526212
2009-03-10,72.21,0.0205586745633208
2009-03-11,72.6,0.0204601590831546
2009-03-12,75.51,0.0190731654784799
2009-03-13,76.09,0.0191691036723276
2009-03-16,75.93,0.0162055873436866
2009-03-17,78.26,0.0180244077005196
2009-03-18,79.89,0.0273397790200068
2009-03-19,78.87,0.0205442901388975
2009-03-20,76.71,0.0172575694501088
2009-03-23,82.27,0.0169748932303116
2009-03-24,80.61,0.0167781913393049
2009-03-25,81.34,0.0225464450589292
2009-03-26,83.17,0.0221969051503245
2009-03-27,81.61,0.0175737791063061
2009-03-30,78.8,0.0162486128452129
2009-03-31,79.5,0.0169226177210756
2009-04-01,81.03,0.0170968573048396
2009-04-02,83.41,0.017978273725502
2009-04-03,84.25,0.0159316697191393
2009-04-06,83.51,0.0153296256497384
2009-04-07,81.59,0.0141637146780019
2009-04-08,82.54,0.0145779683370047
2009-04-09,85.82,0.0119616945680076
2009-04-13,85.85,0.0130494342229244
2009-04-14,84.31,0.0142689333634899
2009-04-15,85.3,0.0142522639019724
2009-04-16,86.56,0.0138231550119187
2009-04-17,87.13,0.0132228709995349
2009-04-20,83.41,0.0121823635434436
2009-04-21,85.06,0.015358122990931
2009-04-22,84.53,0.0165379692891964
2009-04-23,85.36,0.0180527400629897
2009-04-24,86.65,0.0170637120166793
2009-04-27,85.86,0.015361637201818
2009-04-28,85.58,0.0137817361935196
2009-04-29,87.44,0.0147707247690925
2009-04-30,87.43,0.0145613728412444
2009-05-01,87.87,0.0118432827218007
2009-05-04,90.93,0.01182862319757
2009-05-05,90.5,0.0119420323647605
2009-05-06,92.13,0.0134548184258639
2009-05-07,90.83,0.0147690828336734
2009-05-08,93.03,0.0146539393657919
2009-05-11,91.19,0.0113469005412268
2009-05-12,91.03,0.0117675434097478
2009-05-13,88.7,0.0129212918094933
2009-05-14,89.44,0.0129099175501703
2009-05-15,88.7,0.0121650457030601
2009-05-18,91.25,0.0108712371034985
2009-05-19,91.13,0.011323301128741
2009-05-20,90.57,0.012793081313301
2009-05-21,89.2,0.012773589639764
2009-05-22,89.05,0.01129165309839
2009-05-26,91.33,0.0131334866549904
2009-05-27,89.68,0.013764729560502
2009-05-28,90.94,0.0151190927543508
2009-05-29,92.65,0.0147948275013616
2009-06-01,94.77,0.0100322362321228
2009-06-02,94.86,0.0114455202298816
2009-06-03,93.65,0.0103501560052602
2009-06-04,94.55,0.0104416574071482
2009-06-05,94.55,0.0137148700315255
2009-06-08,94.31,0.0113954238521305
2009-06-09,94.66,0.0108315920077534
2009-06-10,94.36,0.0111499114183864
2009-06-11,94.88,0.0113530286802153
2009-06-12,95.13,0.00873536398320443
2009-06-15,92.86,0.00990900625162032
2009-06-16,91.66,0.0103010861101291
2009-06-17,91.57,0.0130737123188761
2009-06-18,92.17,0.0112031304857702
2009-06-19,91.97,0.00841260341086803
2009-06-22,89.26,0.00977821195098736
2009-06-23,89.44,0.0117344957838128
2009-06-24,90.11,0.0117118472849085
2009-06-25,92.03,0.0106943463453091
2009-06-26,91.78,0.00968104968459479
2009-06-29,92.72,0.00828404517673384
2009-06-30,92.03,0.00886956075377587
2009-07-01,92.34,0.00913579615383871
2009-07-02,89.8,0.00818872428668002
2009-07-06,89.9,0.00961290450847141
2009-07-07,88.09,0.0093424056383856
2009-07-08,88.02,0.0123871232464089
2009-07-09,88.22,0.0121317111173943
2009-07-10,87.94,0.0116381910060386
2009-07-13,90.12,0.0105502529003781
2009-07-14,90.68,0.0101754440110027
2009-07-15,93.33,0.00779752677989354
2009-07-16,94.16,0.00891690848123464
2009-07-17,94.13,0.0081673607267501
2009-07-20,95.13,0.00879325622620063
2009-07-21,95.58,0.00981358741724627
2009-07-22,95.54,0.0105855670315662
2009-07-23,97.67,0.00945395513556099
2009-07-24,98.07,0.00898591459126045
2009-07-28,98.06,0.00993418001898298
2009-07-29,97.66,0.0103506957945457
2009-07-30,98.71,0.0102603096906622
2009-07-31,98.83,0.0112691948442753
2009-08-03,100.39,0.00971336766848236
2009-08-04,100.69,0.00837863244705506
2009-08-05,100.41,0.00953387763057587
2009-08-06,99.88,0.00988022718552779
2009-08-07,101.19,0.00968350848803971
2009-08-10,100.96,0.00797257161125143
2009-08-11,99.65,0.0082788083226417
2009-08-12,100.79,0.010402334079253
2009-08-13,101.58,0.00948158368762183
2009-08-14,100.73,0.00994912852670289
2009-08-17,98.24,0.00907322576558981
2009-08-18,99.19,0.00722366293840447
2009-08-19,100,0.0091115038701619
2009-08-20,101.02,0.00735615987927095
2009-08-21,102.92,0.00815905358452831
2009-08-24,102.94,0.00777326907356476
2009-08-25,103.16,0.00980348853799163
2009-08-26,103.18,0.00896670243394935
2009-08-27,103.45,0.00857436243173815
2009-08-28,103.33,0.0094992687622449
2009-08-31,102.5,0.00890382563102507
2009-09-01,100.16,0.0139705151343949
2009-09-02,99.84,0.0106105622561384
2009-09-03,100.66,0.00888194869488259
2009-09-04,102.07,0.00800331867764569
2009-09-08,102.9,0.0074019150563474
2009-09-09,103.76,0.00793330269275457
2009-09-10,104.79,0.00768586172015047
2009-09-11,104.75,0.00763700107726102
2009-09-14,105.34,0.00739112706132121
2009-09-15,105.72,0.00750334985065848
2009-09-16,107.31,0.00684089430074899
2009-09-17,107.15,0.0084738411312177
2009-09-18,106.73,0.00651532016966245
2009-09-21,106.45,0.0076294355601478
2009-09-22,107.1,0.00645515751132281
2009-09-23,106.12,0.0104831461081927
2009-09-24,105.04,0.0111908033417266
2009-09-25,104.47,0.0102490279453325
2009-09-28,106.31,0.00787126034545795
2009-09-29,106.02,0.010718546584105
2009-09-30,105.59,0.0122139144336813
2009-10-01,102.99,0.01205825597856
2009-10-02,102.55,0.0112440982295102
2009-10-05,104.05,0.00908669451188356
2009-10-06,105.53,0.00905699660104856
2009-10-07,105.8,0.00863489621286795
2009-10-08,106.61,0.00876396930839617
2009-10-09,107.24,0.00584948895717016
2009-10-12,107.73,0.00525321044103098
2009-10-13,107.5,0.00663162121604735
2009-10-14,109.33,0.00614871601495891
2009-10-15,109.63,0.00591280111699346
2009-10-16,108.89,0.00778049046658069
2009-10-19,109.84,0.0063961522075875
2009-10-20,109.22,0.00764535424616013
2009-10-21,108.25,0.00910963174693199
2009-10-22,109.33,0.00994283879092918
2009-10-23,108.07,0.0103889602525875
2009-10-26,106.84,0.0123713334073677
2009-10-27,106.42,0.0122603157838384
2009-10-28,104.42,0.012494123121506
2009-10-29,106.64,0.00918435346710918
2009-10-30,103.63,0.0160173598432933
2009-11-02,104.36,0.0167296439736798
2009-11-03,104.67,0.0135775761189908
2009-11-04,104.84,0.0140860931723782
2009-11-05,106.86,0.00900413923723596
2009-11-06,107.17,0.0102371526583828
2009-11-09,109.58,0.00636357316601531
2009-11-10,109.58,0.00717500534651479
2009-11-11,110.13,0.00862368431788754
2009-11-12,109.01,0.00926379649196436
2009-11-13,109.63,0.00873618011194627
2009-11-16,111.21,0.00751757064816426
2009-11-17,111.33,0.00697911869323071
2009-11-18,111.28,0.00753084123946289
2009-11-19,109.8,0.0084934414326467
2009-11-20,109.52,0.00679319547815617
2009-11-23,110.91,0.00648757858455496
2009-11-24,110.95,0.00757894933425852
2009-11-25,111.37,0.00530269245431697
2009-11-27,109.52,0.00889124539840617
2009-11-30,109.97,0.00928809935648845
2009-12-01,111.25,0.00739600049284379
2009-12-02,111.31,0.00738031331393436
2009-12-03,110.43,0.0082317736067338
2009-12-04,111,0.0109896308596661
2009-12-07,110.77,0.00774235133075715
2009-12-08,109.64,0.00865100272385788
2009-12-09,110.01,0.00818622300196439
2009-12-10,110.65,0.00736457760282537
2009-12-11,111.2,0.00669408376625549
2009-12-14,111.88,0.00489173941938341
2009-12-15,111.31,0.0052916305736724
2009-12-16,111.49,0.0060614545459151
2009-12-17,110.16,0.00736998218951523
2009-12-18,110.23,0.00643186147434622
2009-12-21,111.34,0.00509520097617216
2009-12-22,111.72,0.00533751412776142
2009-12-23,111.97,0.00468085728995951
2009-12-28,112.74,0.00365179918909778
2009-12-29,112.58,0.003469383103551
2009-12-30,112.54,0.00467086933852461
2009-12-31,111.44,0.00420487970040928
2010-01-04,113.31,0.00468747285684176
2010-01-05,113.63,0.00464427351100695
2010-01-06,113.74,0.00480572443026144
2010-01-07,114.2,0.00582583943483224
2010-01-08,114.57,0.00514970459858238
2010-01-11,114.73,0.0049476750059192
2010-01-12,113.66,0.00613683920231955
2010-01-13,114.64,0.00643549585270198
2010-01-14,114.92,0.00543697108976076
2010-01-15,113.66,0.00653895143761419
2010-01-19,115.06,0.00501953174924527
2010-01-20,113.89,0.0069714898142868
2010-01-21,111.68,0.0119812178368524
2010-01-22,109.22,0.0117658070835037
2010-01-25,109.75,0.00959069685471893
2010-01-26,109.3,0.00850396720069159
2010-01-27,109.83,0.0126119791587522
2010-01-28,108.56,0.0123415187506121
2010-01-29,107.42,0.0131509666895583
2010-02-01,109,0.00855833466150529
2010-02-02,110.4,0.00788684247793922
2010-02-03,109.86,0.00797548859453241
2010-02-04,106.47,0.0108756550085583
2010-02-05,106.75,0.0158932017671535
2010-02-08,105.88,0.0105684367485123
2010-02-09,107.24,0.0136752749235655
2010-02-10,107,0.0112489402223281
2010-02-11,108.09,0.00992316864337716
2010-02-12,108.02,0.0112829404682265
2010-02-16,109.73,0.0062148131699123
2010-02-17,110.26,0.0071210001367887
2010-02-18,110.96,0.00627916554905759
2010-02-19,111.19,0.00643123511374493
2010-02-22,111.13,0.0059511189699188
2010-02-23,109.79,0.00874896692660659
2010-02-24,110.82,0.00785188382467965
2010-02-25,110.71,0.00852314597453266
2010-02-26,110.75,0.00828542196633698
2010-03-01,111.9,0.00553166368634193
2010-03-02,112.17,0.00589222498055698
2010-03-03,112.28,0.00572935817143534
2010-03-04,112.65,0.00541555954938012
2010-03-05,114.26,0.00443171718446761
2010-03-08,114.27,0.00461746295307693
2010-03-09,114.45,0.00541003502176517
2010-03-10,114.98,0.00650345567809717
2010-03-11,115.46,0.0057699913529319
2010-03-12,115.45,0.00601370928599145
2010-03-15,115.5,0.00547778259808005
2010-03-16,116.41,0.00591421017793791
2010-03-17,117.1,0.00483629276727582
2010-03-18,117.03,0.00493013118773853
2010-03-19,115.96,0.00581189502849456
2010-03-22,116.58,0.0060008022018055
2010-03-23,117.42,0.00597926459568833
2010-03-24,116.82,0.00657254701144633
2010-03-25,116.63,0.00694146375525994
2010-03-26,116.65,0.00725572934828765
2010-03-29,117.34,0.00516291237260429
2010-03-30,117.37,0.00542912837992524
2010-03-31,116.99,0.00598356690113173
2010-04-01,117.81,0.00541683247503987
2010-04-05,118.78,0.00443525770954865
2010-04-06,119.01,0.00415406825778684
2010-04-07,118.38,0.00675720281536086
2010-04-08,118.76,0.00532689589774979
2010-04-09,119.54,0.0051211225866258
2010-04-12,119.76,0.00487670892566506
2010-04-13,119.87,0.00452462887989367
2010-04-14,121.17,0.00418604047806218
2010-04-15,121.31,0.00451751025937285
2010-04-16,119.36,0.0107313412936155
2010-04-19,119.85,0.00821544853671188
2010-04-20,120.87,0.00538552295624283
2010-04-21,120.65,0.00632091588034117
2010-04-22,121,0.00790590162433965
2010-04-23,121.8,0.00685486805551821
2010-04-26,121.34,0.00598481642867193
2010-04-27,118.49,0.010867622064377
2010-04-28,119.32,0.0104986626412591
2010-04-29,120.84,0.00640426461289289
2010-04-30,118.83,0.00929839615449661
2010-05-03,120.38,0.00671527603244045
2010-05-04,117.55,0.0111147313226758
2010-05-05,116.83,0.0118022432525004
2010-05-06,112.89,0.0476334195365271
2010-05-07,111.3,0.0298819409711371
2010-05-10,116.14,0.0137144239903138
2010-05-11,115.83,0.0117160236023513
2010-05-12,117.45,0.00926502929142519
2010-05-13,116,0.00962415657877814
2010-05-14,113.9,0.014694707385947
2010-05-17,113.95,0.0143199879926958
2010-05-18,112.41,0.0143852286955914
2010-05-19,111.79,0.0171488198847076
2010-05-20,107.54,0.0205154686291567
2010-05-21,109.1,0.0201756780171485
2010-05-24,107.72,0.012833295427766
2010-05-25,107.81,0.0182614165771551
2010-05-26,107.15,0.0151826389207274
2010-05-27,110.77,0.0110653665416798
2010-05-28,109.35,0.015038754255987
2010-06-01,107.51,0.0138982539207459
2010-06-02,110.31,0.0107487502806803
2010-06-03,110.71,0.0114701123616155
2010-06-04,107.01,0.0142463530957066
2010-06-07,105.5,0.0121522175095944
2010-06-08,106.57,0.0163308184263417
2010-06-09,106.01,0.0125923807150501
2010-06-10,109.19,0.010892438164699
2010-06-11,109.66,0.00984044823868311
2010-06-14,109.52,0.0103013613848819
2010-06-15,111.98,0.00797516618321118
2010-06-16,111.94,0.00909826176761083
2010-06-17,112.12,0.00963995769822171
2010-06-18,111.71,0.00682837431640574
2010-06-21,111.36,0.00947246955598661
2010-06-22,109.57,0.0111311543452947
2010-06-23,109.21,0.0132941382896103
2010-06-24,107.44,0.0116703503735284
2010-06-25,107.89,0.0119890190270054
2010-06-28,107.48,0.00943936071407211
2010-06-29,104.22,0.0138184298048061
2010-06-30,103.1,0.0115658219233793
2010-07-01,102.79,0.0155621946640947
2010-07-02,102.25,0.0122784019072695
2010-07-06,102.87,0.0118873698031976
2010-07-07,106.14,0.00976437071175519
2010-07-08,107.15,0.00998861404546413
2010-07-09,107.92,0.00771829908152152
2010-07-12,108.02,0.00843936668215796
2010-07-13,109.66,0.00809523140486513
2010-07-14,109.66,0.00868240701760053
2010-07-15,109.72,0.0105107945930689
2010-07-16,106.66,0.0110395247147791
2010-07-19,107.32,0.00885374594461458
2010-07-20,108.47,0.00965039341282672
2010-07-21,107.1,0.0115885557717419
2010-07-22,109.46,0.00935358684137146
2010-07-23,110.41,0.0122379111154022
2010-07-26,111.59,0.00774156851526877
2010-07-27,111.51,0.00941725577735157
2010-07-28,110.81,0.00835642549906044
2010-07-29,110.28,0.0105504303290298
2010-07-30,110.32,0.0110379621666741
2010-08-02,112.74,0.00721976612973079
2010-08-03,112.2,0.00741098168731451
2010-08-04,112.97,0.00806401486609519
2010-08-05,112.84,0.00603355342093658
2010-08-06,112.39,0.00942066073624939
2010-08-09,112.99,0.00552903977321055
2010-08-10,112.42,0.0105213727544121
2010-08-11,109.29,0.00813979534682049
2010-08-12,108.64,0.00868476469654957
2010-08-13,108.3,0.00837109685504236
2010-08-16,108.28,0.00799361701550351
2010-08-17,109.6,0.00655744537304163
2010-08-18,109.78,0.00806260542794222
2010-08-19,107.92,0.0105766958132713
2010-08-20,107.54,0.00785052138162914
2010-08-23,107.11,0.00834130441261456
2010-08-24,105.58,0.0112414048259116
2010-08-25,105.93,0.0103804287842804
2010-08-26,105.2,0.00985846516786633
2010-08-27,106.86,0.0117371395202067
2010-08-30,105.33,0.00852774392923118
2010-08-31,105.4,0.0118113012616343
2010-09-01,108.47,0.00875525425741211
2010-09-02,109.46,0.00619239022871622
2010-09-03,110.91,0.00741715313950992
2010-09-07,109.67,0.00715058555338334
2010-09-08,110.4,0.00714910489192099
2010-09-09,110.93,0.00657998381234978
2010-09-10,111.52,0.0057099534643035
2010-09-13,112.74,0.00581159990254535
2010-09-14,112.65,0.00686428499422944
2010-09-15,113.11,0.00656699274009653
2010-09-16,113.07,0.00630646257279934
2010-09-17,112.49,0.00663747998672205
2010-09-20,114.22,0.00611539238949488
2010-09-21,113.99,0.00877289379558638
2010-09-22,113.43,0.00778204677214442
2010-09-23,112.49,0.00796815057047153
2010-09-24,114.82,0.00617093725736277
2010-09-27,114.29,0.00634512891308011
2010-09-28,114.72,0.0094042130810033
2010-09-29,114.43,0.00702814915990342
2010-09-30,114.1,0.010235707401235
2010-10-01,114.63,0.00879514662209509
2010-10-04,113.73,0.0078992245308755
2010-10-05,116.03,0.00675332017302399
2010-10-06,116.04,0.00633334576988146
2010-10-07,115.89,0.00706758329339305
2010-10-08,116.55,0.00685726726084823
2010-10-11,116.65,0.00473302693707544
2010-10-12,117.04,0.00703628171261229
2010-10-13,117.89,0.0061803715539799
2010-10-14,117.52,0.00701592878692615
2010-10-15,117.73,0.00912946064166163
2010-10-18,118.55,0.0057626565580045
2010-10-19,116.71,0.01053050570413
2010-10-20,117.88,0.00795246555303049
2010-10-21,118.11,0.00884498500534266
2010-10-22,118.38,0.00590835928405205
2010-10-25,118.68,0.00705283789311135
2010-10-26,118.71,0.00632679247546425
2010-10-27,118.38,0.0072697724993913
2010-10-28,118.47,0.0073771768692006
2010-10-29,118.47,0.00632759578365772
2010-11-01,118.55,0.00685361771227254
2010-11-02,119.47,0.00572406570611357
2010-11-03,119.97,0.0117105434397887
2010-11-04,122.25,0.00517716890011307
2010-11-05,122.74,0.00569375476002703
2010-11-08,122.54,0.0050358979098442
2010-11-09,121.6,0.00670072566766853
2010-11-10,122.07,0.00754821371757731
2010-11-11,121.65,0.0070814370726051
2010-11-12,120.2,0.00906684492315866
2010-11-15,120.03,0.00645640415698603
2010-11-16,118.15,0.0096062644115946
2010-11-17,118.22,0.0072741205613754
2010-11-18,119.97,0.00600671484959794
2010-11-19,120.28,0.00554040602510074
2010-11-22,120.15,0.00674175055770313
2010-11-23,118.42,0.0081918552873156
2010-11-24,120.18,0.00509514510414293
2010-11-29,119.17,0.0084408165111283
2010-11-30,118.45,0.00828312368942595
2010-12-01,121.01,0.00626952262214563
2010-12-02,122.57,0.00581129563244659
2010-12-03,122.86,0.00614761465343176
2010-12-06,122.73,0.00486492223260957
2010-12-07,122.83,0.0068657602193379
2010-12-08,123.25,0.00578614494806761
2010-12-09,123.79,0.00552815896870077
2010-12-10,124.51,0.00435432424713084
2010-12-13,124.55,0.00444036237608548
2010-12-14,124.65,0.00519293399610897
2010-12-15,124.1,0.00547296603625142
2010-12-16,124.79,0.00549314938695629
2010-12-17,124.34,0.00380718455497453
2010-12-20,124.57,0.00454661576802544
2010-12-21,125.36,0.00339939093531673
2010-12-22,125.78,0.00278740481745905
2010-12-23,125.59,0.00297563869135076
2010-12-27,125.66,0.00300136620526691
2010-12-28,125.8,0.00284555375394623
2010-12-29,125.93,0.00230591399870254
2010-12-30,125.76,0.00321372912288676
2010-12-31,125.8,0.0034208638691871
2011-01-03,127.05,0.00380189222047525
2011-01-04,126.93,0.00464198489276597
2011-01-05,127.63,0.0046385156900413
2011-01-06,127.39,0.00504884362552746
2011-01-07,127.12,0.00704169342397105
2011-01-10,126.98,0.00607276529742311
2011-01-11,127.43,0.00519021054275978
2011-01-12,128.6,0.00395379446959736
2011-01-13,128.42,0.00443821357783394
2011-01-14,129.28,0.00501089266961404
2011-01-18,129.53,0.00414630958644392
2011-01-19,128.26,0.00566859004719217
2011-01-20,128.09,0.00661579476592855
2011-01-21,128.4,0.00478936103477061
2011-01-24,129.13,0.00540705191762388
2011-01-25,129.14,0.00673065961002464
2011-01-26,129.67,0.00621070610008508
2011-01-27,130.02,0.00532841002680846
2011-01-28,127.68,0.00899227474352383
2011-01-31,128.67,0.00630858252588355
2011-02-01,130.75,0.0047992480095693
2011-02-02,130.47,0.00476233662347323
2011-02-03,130.78,0.00541846218664957
2011-02-04,131.15,0.00569054527201119
2011-02-07,131.98,0.00442865397185925
2011-02-08,132.59,0.00420269915733964
2011-02-09,132.27,0.00494061008676748
2011-02-10,132.33,0.00672434865204043
2011-02-11,133.11,0.00572079188659241
2011-02-14,133.43,0.00405863723445406
2011-02-15,133.01,0.00465931669644668
2011-02-16,133.83,0.00542159789728159
2011-02-17,134.27,0.00402727238458228
2011-02-18,134.57,0.00400163902176239
2011-02-22,131.83,0.00812115042348806
2011-02-23,131.03,0.00856132080923829
2011-02-24,130.93,0.00924179672611293
2011-02-25,132.32,0.00495473554596952
2011-02-28,133.14,0.00488689738213455
2011-03-01,130.92,0.00865307094271579
2011-03-02,131.2,0.00822862310129709
2011-03-03,133.47,0.00578719146715791
2011-03-04,132.44,0.00783374387110698
2011-03-07,131.41,0.00890836771384226
2011-03-08,132.57,0.00680446135680837
2011-03-09,132.39,0.0086738283799386
2011-03-10,129.92,0.00991416271954463
2011-03-11,130.84,0.0077960509003143
2011-03-14,130.07,0.00875206914649949
2011-03-15,128.63,0.0114697758354172
2011-03-16,126.21,0.0164789995421689
2011-03-17,127.8,0.0100760193685099
2011-03-18,127.79,0.00786639542346655
2011-03-21,129.72,0.00562355806051067
2011-03-22,129.3,0.00584412694622897
2011-03-23,129.66,0.00668189750082904
2011-03-24,130.9,0.00610228776416112
2011-03-25,131.28,0.005234261694458
2011-03-28,130.97,0.00448945936308878
2011-03-29,131.84,0.0051930708606108
2011-03-30,132.76,0.00476310133934806
2011-03-31,132.57,0.00443429832466659
2011-04-01,133.16,0.00475447991074341
2011-04-04,133.24,0.00487795160869914
2011-04-05,133.22,0.00570518078905376
2011-04-06,133.62,0.00499630011581403
2011-04-07,133.36,0.00753022770402648
2011-04-08,132.85,0.00562800514384328
2011-04-11,132.47,0.00527310938031687
2011-04-12,131.47,0.00613039646335785
2011-04-13,131.46,0.00596794009793589
2011-04-14,131.56,0.00554039485412211
2011-04-15,132.05,0.00540668099524057
2011-04-18,130.55,0.00807647915273302
2011-04-19,131.29,0.00500614759516272
2011-04-20,133.13,0.00468543652625222
2011-04-21,133.75,0.00369932746000854
2011-04-25,133.61,0.00396180033051835
2011-04-26,134.78,0.0042447351498996
2011-04-27,135.62,0.00523960226155999
2011-04-28,136.11,0.00420178976068821
2011-04-29,136.46,0.00328405862900733
2011-05-02,136.23,0.0046035329826733
2011-05-03,135.72,0.00570732377484647
2011-05-04,134.84,0.00758023826802589
2011-05-05,133.64,0.00893193351629643
2011-05-06,134.17,0.0090934793576041
2011-05-09,134.73,0.0063544383595983
2011-05-10,135.89,0.00469601627422662
2011-05-11,134.45,0.00713336102933947
2011-05-12,135.11,0.00753246485064905
2011-05-13,134.03,0.0081316738195172
2011-05-16,133.21,0.00685561253494432
2011-05-17,133.19,0.00810653117035646
2011-05-18,134.37,0.00559295875384985
2011-05-19,134.66,0.00691734480963504
2011-05-20,133.62,0.00617479463235674
2011-05-23,132.04,0.00722276497820624
2011-05-24,131.96,0.00614373335906844
2011-05-25,132.39,0.00592334020849828
2011-05-26,132.99,0.00690185497020857
2011-05-27,133.52,0.00461120743066418
2011-05-31,134.89,0.00535054447064841
2011-06-01,131.86,0.00771072618184354
2011-06-02,131.7,0.00969953558005762
2011-06-03,130.43,0.00745290010113561
2011-06-06,129.05,0.00727227645415934
2011-06-07,128.94,0.0064867156695705
2011-06-08,128.42,0.0079553339647132
2011-06-09,129.37,0.00572040051800352
2011-06-10,127.53,0.00854108358687435
2011-06-13,127.69,0.00811618745869995
2011-06-14,129.31,0.00521996179087626
2011-06-15,127.03,0.00960099218743758
2011-06-16,127.3,0.00993279253064307
2011-06-17,127.05,0.00820583015080759
2011-06-20,127.72,0.00650337618938545
2011-06-21,129.45,0.00552123856443274
2011-06-22,128.67,0.00700023856720528
2011-06-23,128.31,0.0112365970406524
2011-06-24,126.8,0.00856846915933987
2011-06-27,127.95,0.00634935950688563
2011-06-28,129.6,0.00539713369338581
2011-06-29,130.74,0.00699478390315407
2011-06-30,131.97,0.00553472251204382
2011-07-01,133.91,0.00616666086102148
2011-07-05,133.82,0.0057373664860768
2011-07-06,133.96,0.00595075131075573
2011-07-07,135.4,0.00429845607799599
2011-07-08,134.41,0.00601204846963848
2011-07-11,131.99,0.00657352619340034
2011-07-12,131.4,0.00879565914084505
2011-07-13,131.84,0.00744127075436256
2011-07-14,130.94,0.00852751112967981
2011-07-15,131.71,0.00822305638179688
2011-07-18,130.6,0.0079968856381134
2011-07-19,132.72,0.00669217541344885
2011-07-20,132.65,0.00564800718768337
2011-07-21,134.49,0.00808847011473246
2011-07-22,134.58,0.00583829500636377
2011-07-25,133.84,0.00650755222170381
2011-07-26,133.33,0.00644869795340547
2011-07-27,130.61,0.00823008867579466
2011-07-28,130.22,0.0076084192269605
2011-07-29,129.32,0.0113421935108664
2011-08-01,128.79,0.0127461861960787
2011-08-02,125.5,0.010446107050167
2011-08-03,126.2,0.0145150495721332
2011-08-04,120.2,0.0187340112540098
2011-08-05,120.03,0.0294955783904553
2011-08-08,112.28,0.0294979368309048
2011-08-09,117.48,0.0349379767552342
2011-08-10,112.25,0.0300465949493201
2011-08-11,117.33,0.0231686461074002
2011-08-12,118.16,0.0165661980858546
2011-08-15,120.67,0.0104381067874822
2011-08-16,119.57,0.0159379552603838
2011-08-17,119.67,0.0118410502783427
2011-08-18,114.41,0.0205869729985747
2011-08-19,112.71,0.018204724246954
2011-08-22,112.77,0.0162226133909603
2011-08-23,116.48,0.0168193577406147
2011-08-24,118.09,0.0146736531723021
2011-08-25,116.32,0.0179265953562564
2011-08-26,117.97,0.0196743013971584
2011-08-29,121.35,0.00844814802611484
2011-08-30,121.63,0.0127758730842822
2011-08-31,122.26,0.0116657975852798
2011-09-01,120.93,0.0168120546637821
2011-09-02,117.82,0.0122942973782343
2011-09-06,117.02,0.0138805498509313
2011-09-07,120.29,0.00873645670036061
2011-09-08,119.03,0.013332372169309
2011-09-09,115.89,0.0167840047857678
2011-09-12,116.7,0.0164384776714036
2011-09-13,117.74,0.0146464921511
2011-09-14,119.37,0.0144133268415469
2011-09-15,121.44,0.011158239593317
2011-09-16,121.52,0.0112504896554899
2011-09-19,120.32,0.0115247523836062
2011-09-20,120.17,0.0111267938760322
2011-09-21,116.51,0.017020126895485
2011-09-22,112.9,0.0231026675896755
2011-09-23,113.44,0.0178140522740864
2011-09-26,116.21,0.0180874277560838
2011-09-27,117.55,0.0128893804533037
2011-09-28,115.11,0.0150337035778435
2011-09-29,116.01,0.0176075862460987
2011-09-30,113.15,0.0172396454016021
2011-10-03,109.92,0.0206646149779681
2011-10-04,112.32,0.0247568130531489
2011-10-05,114.47,0.0160276275001527
2011-10-06,116.52,0.0145793024879489
2011-10-07,115.68,0.0171246112823078
2011-10-10,119.59,0.00951601980984736
2011-10-11,119.65,0.0114077165127769
2011-10-12,120.72,0.0102114890173111
2011-10-13,120.48,0.012004623703055
2011-10-14,122.58,0.00913250624120047
2011-10-17,120.21,0.010652156217367
2011-10-18,122.58,0.0150120132589623
2011-10-19,121.12,0.0128584671322556
2011-10-20,121.63,0.0161782663114506
2011-10-21,123.95,0.00899113311331604
2011-10-24,125.51,0.00790074471552422
2011-10-25,123.06,0.014444235965293
2011-10-26,124.31,0.0132308093916958
2011-10-27,128.6,0.0096276836369468
2011-10-28,128.61,0.00903585730930768
2011-10-31,125.37,0.00951088509807857
2011-11-01,122.01,0.0174692186781755
2011-11-02,123.98,0.0124148493226404
2011-11-03,126.26,0.0124021550125276
2011-11-04,125.47,0.0104357132640282
2011-11-07,126.27,0.0115296612148323
2011-11-08,127.87,0.0104000492728378
2011-11-09,123.17,0.0128536848902711
2011-11-10,124.25,0.0127068707013788
2011-11-11,126.68,0.00712021042373332
2011-11-14,125.48,0.00986103496434779
2011-11-15,126.12,0.00971353962283331
2011-11-16,124.09,0.0100422330346408
2011-11-17,122.09,0.0154887541772405
2011-11-18,121.98,0.0111189538728204
2011-11-21,119.66,0.0110734349266313
2011-11-22,119.17,0.0120854053129956
2011-11-23,116.62,0.011084962876064
2011-11-28,119.71,0.00925417057442678
2011-11-29,120.03,0.0103880144644856
2011-11-30,125.09,0.00776533110898864
2011-12-01,124.97,0.00816462004126881
2011-12-02,124.83,0.00908237246991608
2011-12-05,126.21,0.00906015498902638
2011-12-06,126.31,0.00815035657964075
2011-12-07,126.65,0.0100607554210463
2011-12-08,123.97,0.0113341251569506
2011-12-09,126.03,0.00867430269268512
2011-12-12,124.19,0.00830655879424442
2011-12-13,123.09,0.0100708471279068
2011-12-14,121.74,0.010791651039893
2011-12-15,122.19,0.00841812275263238
2011-12-16,121.67,0.00795314087679494
2011-12-19,120.33,0.00893504008909952
2011-12-20,123.93,0.00701125874626398
2011-12-21,124.2,0.00886635986379283
2011-12-22,125.31,0.00649564106266476
2011-12-23,126.38,0.00417361848919741
2011-12-27,126.46,0.00474698772090297
2011-12-28,124.96,0.00673522027515855
2011-12-29,126.16,0.00572581019412386
2011-12-30,125.59,0.00429420458526151
2012-01-03,127.59,0.00564420649285315
2012-01-04,127.68,0.00551005177550236
2012-01-05,128.06,0.00708726178670911
2012-01-06,127.79,0.00644667073632643
2012-01-09,128,0.0058679012822354
2012-01-10,129.16,0.00519249521340383
2012-01-11,129.24,0.00522512899398794
2012-01-12,129.53,0.00556238324278427
2012-01-13,128.95,0.00652669492774482
2012-01-17,129.33,0.00518082045343118
2012-01-18,130.78,0.00573791347820705
2012-01-19,131.48,0.00452325050333245
2012-01-20,131.54,0.0042391053400582
2012-01-23,131.6,0.00559776424639269
2012-01-24,131.46,0.00490299195690997
2012-01-25,132.57,0.00779076173521403
2012-01-26,131.88,0.00629622220366829
2012-01-27,131.71,0.00670857277805252
2012-01-30,131.36,0.00586045062531288
2012-01-31,131.24,0.00703639586479987
2012-02-01,132.45,0.00644155995995146
2012-02-02,132.67,0.00468195243436527
2012-02-03,134.55,0.00434493018468683
2012-02-06,134.45,0.00470257642251114
2012-02-07,134.78,0.00493626235912675
2012-02-08,135.13,0.00479531403062409
2012-02-09,135.35,0.00594215039337475
2012-02-10,134.37,0.00522822842452526
2012-02-13,135.33,0.00451970276713671
2012-02-14,135.23,0.00572187525655893
2012-02-15,134.56,0.0076077914328722
2012-02-16,136.05,0.00575051764867941
2012-02-17,136.4,0.00397653208819553
2012-02-21,136.47,0.00491961893432197
2012-02-22,136.02,0.00556007213240392
2012-02-23,136.63,0.00510221503951276
2012-02-24,136.87,0.00364798426404272
2012-02-27,137.11,0.00512619899174014
2012-02-28,137.56,0.00528645862714609
2012-02-29,136.88,0.00687508572838067
2012-03-01,137.73,0.00737197686921761
2012-03-02,137.32,0.00504621153361963
2012-03-05,136.79,0.00513959508593016
2012-03-06,134.7,0.00586332433847961
2012-03-07,135.72,0.00471689734567218
2012-03-08,137.02,0.00420530181721635
2012-03-09,137.56,0.00443454006162276
2012-03-12,137.57,0.0045829288070187
2012-03-13,140.06,0.00543052454285028
2012-03-14,139.92,0.00445853326542677
2012-03-15,140.68,0.00480740578508276
2012-03-16,140.3,0.00342798815880853
2012-03-19,140.85,0.00425391470411417
2012-03-20,140.42,0.00422816452108118
2012-03-21,140.21,0.00460859331431235
2012-03-22,139.18,0.00545026861609983
2012-03-23,139.65,0.00477522505692101
2012-03-26,141.56,0.00367458414661754
2012-03-27,141.16,0.00398884525713673
2012-03-28,140.47,0.00658310309850896
2012-03-29,140.22,0.00681864770721769
2012-03-30,140.72,0.00489989152187116
2012-04-02,141.8,0.00472569107291779
2012-04-03,141.28,0.00692691599063387
2012-04-04,139.88,0.00556918855317395
2012-04-05,139.8,0.0049062260686582
2012-04-09,138.25,0.0045743034537702
2012-04-10,135.86,0.0074295819296902
2012-04-11,136.94,0.00547602781857538
2012-04-12,138.83,0.00472887601179563
2012-04-13,137.13,0.00597663370729515
2012-04-16,136.99,0.00708656453451674
2012-04-17,139.09,0.00509569931831935
2012-04-18,138.62,0.00555028246730965
2012-04-19,137.75,0.00823415838955203
2012-04-20,137.93,0.00561988060656604
2012-04-23,136.77,0.00641385499227333
2012-04-24,137.33,0.00573944498471143
2012-04-25,139.19,0.005764455178699
2012-04-26,140.14,0.00486229558685643
2012-04-27,140.43,0.00517747258675825
2012-04-30,139.82,0.00436995485626987
2012-05-01,140.72,0.00648043629736539
2012-05-02,140.34,0.00495902332128733
2012-05-03,139.29,0.00562817722848238
2012-05-04,137,0.00614409995438101
2012-05-07,137.12,0.0062754675128191
2012-05-08,136.52,0.00788411234986265
2012-05-09,135.73,0.0100823494231297
2012-05-10,136.02,0.00747092028421257
2012-05-11,135.57,0.00676631613012439
2012-05-14,134.14,0.00666813460369832
2012-05-15,133.36,0.00775661624551546
2012-05-16,132.85,0.00875750489329734
2012-05-17,130.83,0.0101180386795983
2012-05-18,129.82,0.00932030104328652
2012-05-21,131.95,0.00725905302123857
2012-05-22,132.07,0.00871572071061292
2012-05-23,132.26,0.0106097647221819
2012-05-24,132.5,0.00990159204425257
2012-05-25,132.14,0.00700415888672973
2012-05-29,133.69,0.00758265065668083
2012-05-30,131.79,0.00770206136553701
2012-05-31,131.53,0.00924458742109401
2012-06-01,128.22,0.00990654969073689
2012-06-04,128.17,0.00895354621492504
2012-06-05,129.02,0.00841418242744177
2012-06-06,132.01,0.0060996911902103
2012-06-07,132.02,0.00836069888677774
2012-06-08,133.09,0.00695325332969178
2012-06-11,131.47,0.00816261343098579
2012-06-12,132.95,0.00927870919348094
2012-06-13,132.09,0.00790592858996527
2012-06-14,133.49,0.00996563898463186
2012-06-15,134.1,0.00513509033739434
2012-06-18,134.42,0.00660346783255112
2012-06-19,135.7,0.00542974747665543
2012-06-20,135.48,0.00944662102282225
2012-06-21,132.46,0.00787150451362377
2012-06-22,133.46,0.00656432657777415
2012-06-25,131.28,0.0068728145464001
2012-06-26,131.97,0.00764462807153133
2012-06-27,133.18,0.00615941133806067
2012-06-28,132.79,0.00917775681006559
2012-06-29,136.22,0.00536120304493873
2012-07-02,136.46,0.00698684137090617
2012-07-05,136.81,0.00584849131962498
2012-07-06,135.52,0.00600003832459307
2012-07-09,135.31,0.0059178898182195
2012-07-10,134.16,0.00683702697602127
2012-07-11,134.18,0.00814372867569498
2012-07-12,133.59,0.00765719434687122
2012-07-13,135.7,0.00561959618354518
2012-07-16,135.42,0.0055057232078388
2012-07-17,136.4,0.0075908860208539
2012-07-18,137.37,0.00502061006447274
2012-07-19,137.71,0.0065261153992116
2012-07-20,136.46,0.00574212023943054
2012-07-23,135.13,0.0064112080520385
2012-07-24,133.99,0.00819831304429657
2012-07-25,133.96,0.0075695914573188
2012-07-26,136.11,0.00620837244107292
2012-07-27,138.7,0.00766573187942835
2012-07-30,138.67,0.00606724378851584
2012-07-31,137.98,0.00613011985269208
2012-08-01,137.62,0.00792376107684066
2012-08-02,136.66,0.00858189947302576
2012-08-03,139.35,0.00456407894005491
2012-08-06,139.63,0.00423599329061962
2012-08-07,140.29,0.00388015402082513
2012-08-08,140.47,0.00413894842949891
2012-08-09,140.58,0.00460287848789239
2012-08-10,140.84,0.00446324553714532
2012-08-13,140.76,0.00451768096128223
2012-08-14,140.76,0.00495880677319725
2012-08-15,140.92,0.00402461074099666
2012-08-16,141.99,0.00376573111126216
2012-08-17,142.19,0.00299717445537957
2012-08-20,142.19,0.00388451989334358
2012-08-21,141.77,0.00477682787775557
2012-08-22,141.79,0.00653170184677197
2012-08-23,140.69,0.0055939082592856
2012-08-24,141.52,0.00506995062472231
2012-08-27,141.52,0.0044172401119571
2012-08-28,141.4,0.00474294856457594
2012-08-29,141.51,0.00381602377370405
2012-08-30,140.47,0.00413508844235728
2012-08-31,141.17,0.00756053096491405
2012-09-04,140.95,0.00554982341536685
2012-09-05,140.91,0.00552657224097728
2012-09-06,143.74,0.00473478825790169
2012-09-07,144.33,0.00378167585176083
2012-09-10,143.53,0.00388894652640972
2012-09-11,143.88,0.00396146965480314
2012-09-12,144.33,0.00422934300141858
2012-09-13,146.65,0.00915864409042246
2012-09-14,147.2,0.00560951839498413
2012-09-17,146.77,0.00443756468465406
2012-09-18,146.62,0.00460177426859079
2012-09-19,146.7,0.00462861649502744
2012-09-20,146.72,0.00486707882716987
2012-09-21,145.88,0.0035342956110592
2012-09-24,145.62,0.00422243836698608
2012-09-25,144.14,0.00585516456147945
2012-09-26,143.33,0.00629031424070845
2012-09-27,144.69,0.00537140933699857
2012-09-28,143.9,0.00615734594243322
2012-10-01,144.33,0.00736360228025182
2012-10-02,144.47,0.00691860327735333
2012-10-03,145.09,0.00571912280519232
2012-10-04,146.2,0.00534316112015649
2012-10-05,146.15,0.00492658631527723
2012-10-08,145.64,0.0040750616433871
2012-10-09,144.21,0.005840961239438
2012-10-10,143.33,0.00620324294764185
2012-10-11,143.4,0.00481131012917543
2012-10-12,142.89,0.00609005816101085
2012-10-15,144.08,0.00553177673561572
2012-10-16,145.57,0.00372955693211079
2012-10-17,146.19,0.00424226852433244
2012-10-18,145.87,0.0058363810642485
2012-10-19,143.35,0.00626848088352525
2012-10-22,143.43,0.00710973136797619
2012-10-23,141.4,0.00716585770370682
2012-10-24,141.01,0.00735796381717725
2012-10-25,141.42,0.0067947090585805
2012-10-26,141.3,0.00752055314495157
2012-10-31,141.25,0.00640203835126489
2012-11-01,142.88,0.00562721609897388
2012-11-02,141.54,0.00666350189276975
2012-11-05,141.87,0.00549701751310885
2012-11-06,142.92,0.00588769076243182
2012-11-07,139.72,0.00917381132269968
2012-11-08,138.04,0.00865752122564842
2012-11-09,138.2,0.00971246277576806
2012-11-12,138.27,0.005426059637035
2012-11-13,137.83,0.00751748344872978
2012-11-14,135.92,0.00873099645196386
2012-11-15,135.67,0.00878073504341552
2012-11-16,136.39,0.0105353995513099
2012-11-19,139.11,0.00527135219023969
2012-11-20,139.23,0.0070145489630943
2012-11-21,139.52,0.00443059356241577
2012-11-26,141.09,0.00506032048947508
2012-11-27,140.42,0.00695390595833903
2012-11-28,141.46,0.00853818559230984
2012-11-29,142.14,0.00741488505855494
2012-11-30,142.06,0.00577523743702748
2012-12-03,141.46,0.00616726636896608
2012-12-04,141.21,0.00666043015272515
2012-12-05,141.48,0.00734777522830386
2012-12-06,141.96,0.00582309093332576
2012-12-07,142.4,0.00617956882335295
2012-12-10,142.51,0.00436580936589717
2012-12-11,143.43,0.00451075276486819
2012-12-12,143.51,0.00563128203622089
2012-12-13,142.69,0.00546652338099457
2012-12-14,142.11,0.00469055146399153
2012-12-17,143.77,0.00476802041156643
2012-12-18,145.35,0.00466844911285315
2012-12-19,144.28,0.00532560320285462
2012-12-20,145.09,0.00537056253643606
2012-12-21,142.8,0.00717864901094054
2012-12-26,141.71,0.00561244689651332
2012-12-27,141.59,0.00889453024721351
2012-12-28,139.95,0.00808650439976429
2012-12-31,142.46,0.0111076566901894
2013-01-02,146.08,0.00600518076178582
2013-01-03,145.77,0.00579783494194089
2013-01-04,146.38,0.00470365913089629
2013-01-07,145.97,0.00399350276533171
2013-01-08,145.54,0.00464808730388477
2013-01-09,145.95,0.00412680231820251
2013-01-10,147.07,0.00499896597828568
2013-01-11,147.11,0.00369440402714643
2013-01-14,146.96,0.00429118547959428
2013-01-15,147.04,0.00394943960692891
2013-01-16,147.04,0.00326355914706667
2013-01-17,147.92,0.00403973345701424
2013-01-18,148.33,0.00384219277202817
2013-01-22,149.09,0.0033802307788367
2013-01-23,149.37,0.00304360198953134
2013-01-24,149.39,0.00431476088997519
2013-01-25,150.2,0.00471383833379114
2013-01-28,150.04,0.00381035328664929
2013-01-29,150.67,0.00402633097949694
2013-01-30,150.1,0.00472507418516099
2013-01-31,149.81,0.00467041713858774
2013-02-01,151.22,0.00552620415254149
2013-02-04,149.54,0.00482097457745146
2013-02-05,151.06,0.00415308285461303
2013-02-06,151.17,0.00435583017284887
2013-02-07,150.94,0.00552565899226051
2013-02-08,151.78,0.00328617754722727
2013-02-11,151.76,0.00362849085217176
2013-02-12,152.01,0.00327367626981955
2013-02-13,152.16,0.00344849760734635
2013-02-14,152.29,0.00359606084935087
2013-02-15,152.15,0.0044651644780043
2013-02-19,153.22,0.00327003222940293
2013-02-20,151.31,0.00535990333972485
2013-02-21,150.41,0.00593702641481385
2013-02-22,151.84,0.00479076458999168
2013-02-25,149.01,0.00772283349114218
2013-02-26,150.01,0.00845449940986461
2013-02-27,151.91,0.00570143208316489
2013-02-28,151.61,0.00562892625214745
2013-03-01,152.13,0.00726001547195333
2013-03-04,152.87,0.00537330675384669
2013-03-05,154.31,0.00480295010279456
2013-03-06,154.51,0.00433442378436159
2013-03-07,154.79,0.00428882322152405
2013-03-08,155.44,0.00426770834282658
2013-03-11,155.99,0.00321005741908798
2013-03-12,155.7,0.00431019373544482
2013-03-13,155.88,0.004260556567507
2013-03-14,156.73,0.00301281258945196
2013-03-15,155.84,0.00344785887679802
2013-03-18,154.95,0.00522216587963365
2013-03-19,154.64,0.00779167947844543
2013-03-20,155.65,0.00501957387207847
2013-03-21,154.36,0.00596422662406853
2013-03-22,155.51,0.00492582641898821
2013-03-25,155,0.00664876367945907
2013-03-26,156.14,0.00464188326072903
2013-03-27,156.13,0.00467933038496225
2013-03-28,156.59,0.00409811383941841
2013-04-01,156.06,0.00511000014322874
2013-04-02,156.8,0.00403654526316244
2013-04-03,155.26,0.00558211668266649
2013-04-04,155.85,0.00605130169668907
2013-04-05,155.19,0.00551422552047562
2013-04-08,156.19,0.0047344767980331
2013-04-09,156.74,0.00486951276123249
2013-04-10,158.7,0.00475870431646542
2013-04-11,159.21,0.00474676926305847
2013-04-12,158.8,0.00486363147929773
2013-04-15,155.1,0.00857910790684751
2013-04-16,157.39,0.00612483858229181
2013-04-17,155.06,0.00888878339307797
2013-04-18,154.17,0.00818682651518386
2013-04-19,155.45,0.00589239293820664
2013-04-22,156.18,0.0065765183453187
2013-04-23,157.82,0.0101951154536059
2013-04-24,157.88,0.00497340235966712
2013-04-25,158.55,0.00436702261513065
2013-04-26,158.24,0.00541159675721343
2013-04-29,159.33,0.00385442419168349
2013-04-30,159.7,0.00461099742099065
2013-05-01,158.27,0.0061251044474961
2013-05-02,159.72,0.00455390934959101
2013-05-03,161.38,0.00360591300665774
2013-05-06,161.79,0.00289050259520096
2013-05-07,162.59,0.00356757797935946
2013-05-08,163.34,0.00324104432252808
2013-05-09,162.88,0.00549143203420397
2013-05-10,163.45,0.0054203939702558
2013-05-13,163.54,0.00413260887375785
2013-05-14,165.27,0.00377070552924234
2013-05-15,166.1,0.00493333479264529
2013-05-16,165.31,0.00495599566998122
2013-05-17,166.97,0.0042951156159298
2013-05-20,166.93,0.00446774414569871
2013-05-21,167.19,0.00505203269476226
2013-05-22,165.85,0.0101841493868254
2013-05-23,165.43,0.00839572064761418
2013-05-24,165.32,0.00651567241224534
2013-05-28,166.3,0.00636522091392862
2013-05-29,165.22,0.00703972051878145
2013-05-30,165.82,0.00551938765876468
2013-05-31,163.44,0.00709920849695366
2013-06-03,164.38,0.00965993684434556
2013-06-04,163.5,0.00794501117926488
2013-06-05,161.26,0.00939531525827289
2013-06-06,162.7,0.00910076355600506
2013-06-07,164.8,0.00686108861567898
2013-06-10,164.76,0.00639804361133766
2013-06-11,163.12,0.00725833148403554
2013-06-12,161.77,0.00814107384349079
2013-06-13,164.21,0.00641251275272356
2013-06-14,163.18,0.00670771273667851
2013-06-17,164.45,0.00618967290192608
2013-06-18,165.74,0.00493535757672314
2013-06-19,163.46,0.00993649095780054
2013-06-20,159.38,0.0099748258830656
2013-06-21,158.99,0.0108932037217173
2013-06-24,157.03,0.0113367677935932
2013-06-25,158.59,0.00817241783020033
2013-06-26,160.14,0.00629442083299541
2013-06-27,161.13,0.00560329181502002
2013-06-28,160.2,0.00740178529887552
2013-07-01,161.35,0.00587020889422145
2013-07-02,161.16,0.00674171403579227
2013-07-05,163,0.00695328829066742
2013-07-08,163.91,0.00527287754218015
2013-07-09,165.09,0.00483400098648385
2013-07-10,165.16,0.00645480071699647
2013-07-11,167.42,0.00408448241622266
2013-07-12,167.7,0.00381099905561583
2013-07-15,168.19,0.00290617197155635
2013-07-16,167.52,0.00378780886218255
2013-07-17,167.96,0.0044172433668957
2013-07-18,168.9,0.00366601629647395
2013-07-19,169.17,0.00385470259060841
2013-07-22,169.5,0.00303208113780686
2013-07-23,169.23,0.00335861287093858
2013-07-24,168.53,0.00498155342877158
2013-07-25,168.95,0.00463967382952103
2013-07-26,169.13,0.00486507325943818
2013-07-29,168.56,0.00422190967138714
2013-07-30,168.58,0.00438504897821923
2013-07-31,168.61,0.00646568725620631
2013-08-01,170.66,0.00398196207675545
2013-08-02,170.93,0.00356612118335845
2013-08-05,170.73,0.00307108845096497
2013-08-06,169.75,0.00370165547475965
2013-08-07,169.2,0.00403980912745734
2013-08-08,169.79,0.00382743402444192
2013-08-09,169.3,0.00525197708410186
2013-08-12,169.11,0.00430590095234753
2013-08-13,169.61,0.00460546813864253
2013-08-14,168.74,0.00556198096437824
2013-08-15,166.35,0.0063365907834032
2013-08-16,165.88,0.00514107627176318
2013-08-19,164.77,0.00522487783951717
2013-08-20,165.58,0.00458483625303838
2013-08-21,164.58,0.00743830927626416
2013-08-22,165.99,0.00451258822651642
2013-08-23,166.59,0.0046817068652102
2013-08-26,165.98,0.0048770551804555
2013-08-27,163.33,0.00640764726521486
2013-08-28,163.92,0.00527403188287031
2013-08-29,164.17,0.00467984586664378
2013-08-30,163.57,0.00645098069157375
2013-09-03,164.37,0.0065717988352469
2013-09-04,165.76,0.00486815301281759
2013-09-05,165.92,0.00403140960380714
2013-09-06,165.98,0.00778074519113297
2013-09-09,167.64,0.00393128439784643
2013-09-10,168.89,0.00395323977845988
2013-09-11,169.4,0.00399444040797194
2013-09-12,168.95,0.0039664631592678
2013-09-13,169.34,0.00339563222163156
2013-09-16,170.31,0.00430665364924582
2013-09-17,171.04,0.00273028609245097
2013-09-18,173.1,0.0109188273783093
2013-09-19,172.81,0.00375434934418702
2013-09-20,170.71,0.00472740816426984
2013-09-23,169.93,0.0043601036012499
2013-09-24,169.53,0.00456361124357621
2013-09-25,169.05,0.00668580968901947
2013-09-26,169.65,0.00508078291699032
2013-09-27,168.94,0.00493571646977575
2013-09-30,168.01,0.0058727181949729
2013-10-01,169.33,0.0056260979578115
2013-10-02,169.15,0.00539397321251542
2013-10-03,167.67,0.00749838369073922
2013-10-04,168.86,0.00499585145549142
2013-10-07,167.45,0.00527851762893896
2013-10-08,165.48,0.007141220923194
2013-10-09,165.58,0.00813783766497367
2013-10-10,169.16,0.00560961864559911
2013-10-11,170.24,0.00454359656449845
2013-10-14,170.97,0.00521874405048464
2013-10-15,169.71,0.00826160596831246
2013-10-16,172.07,0.00521860055642659
2013-10-17,173.22,0.00395713688069846
2013-10-18,174.37,0.00386506742153998
2013-10-21,174.4,0.00369558451777548
2013-10-22,175.43,0.00510912765331436
2013-10-23,174.62,0.00607596499263773
2013-10-24,175.15,0.00440850236194832
2013-10-25,175.93,0.00408386778309565
2013-10-28,176.21,0.00361586480321482
2013-10-29,177.22,0.00404575397301451
2013-10-30,176.34,0.00679992924968981
2013-10-31,175.72,0.00582682425092799
2013-11-01,176.15,0.00561802623763368
2013-11-04,176.82,0.00357569932688147
2013-11-05,176.32,0.00428017720818485
2013-11-06,177.15,0.00447861636611169
2013-11-07,174.94,0.00655215311011046
2013-11-08,177.23,0.00584146311105775
2013-11-11,177.3,0.00361517399975084
2013-11-12,176.98,0.00479437803031658
2013-11-13,178.36,0.00375730834185216
2013-11-14,179.31,0.00466319673133221
2013-11-15,180.05,0.0030313248308217
2013-11-18,179.47,0.00465519749596285
2013-11-19,179.04,0.00560420822279237
2013-11-20,178.44,0.00654936885364247
2013-11-21,179.88,0.00386143197155377
2013-11-22,180.76,0.00333806915769876
2013-11-25,180.66,0.00346365482585369
2013-11-26,180.69,0.00336483788613892
2013-11-27,181.14,0.00302140429907978
2013-12-02,180.53,0.00425264468205587
2013-12-03,179.88,0.00490286641348521
2013-12-04,179.7,0.0065875519064344
2013-12-05,178.99,0.00568823199828277
2013-12-06,180.93,0.00430955541653736
2013-12-09,181.38,0.00343683261340244
2013-12-10,180.77,0.00407853638674148
2013-12-11,178.68,0.00548799241297792
2013-12-12,178.18,0.00538806659554387
2013-12-13,178.11,0.00475713688401861
2013-12-16,179.2,0.00433662744537558
2013-12-17,178.63,0.00440461479117003
2013-12-18,181.7,0.0100714687682456
2013-12-19,181.53,0.00434316876101006
2013-12-20,181.55,0.00373863807718087
2013-12-26,183.87,0.00256133185931683
2013-12-27,183.83,0.00246066834445866
2013-12-30,183.81,0.00252165950166262
2013-12-31,184.56,0.00330198257614413
2014-01-02,182.95,0.00510018896976529
2014-01-03,182.8,0.00399075928100413
2014-01-06,182.4,0.00529291854741139
2014-01-07,183.44,0.00328848848023855
2014-01-08,183.53,0.00553293597993134
2014-01-09,183.63,0.00481508241110919
2014-01-10,184.07,0.00540728646689148
2014-01-13,181.73,0.00536102323938213
2014-01-14,183.68,0.00471922607002679
2014-01-15,184.67,0.00406476849828657
2014-01-16,184.4,0.00397282168660573
2014-01-17,183.61,0.00385773722645082
2014-01-21,184.19,0.00480217850004972
2014-01-22,184.35,0.00374961111399233
2014-01-23,182.78,0.00540690761297743
2014-01-24,178.88,0.00762784411424403
2014-01-27,178.01,0.00836113571004764
2014-01-28,179.07,0.00579853430399979
2014-01-29,177.32,0.010051931749975
2014-01-30,179.32,0.00532852459424492
2014-01-31,178.1,0.00735614720705178
2014-02-03,174.17,0.00934646625487356
2014-02-04,175.39,0.00750791658846042
2014-02-05,175.14,0.00911814177420674
2014-02-06,177.43,0.00499190295728966
2014-02-07,179.69,0.005816732939916
2014-02-10,180,0.0045470404249616
2014-02-11,181.95,0.00457344118268632
2014-02-12,182.08,0.00475832722839603
2014-02-13,183.05,0.00477235608811364
2014-02-14,184.01,0.00423981644228956
2014-02-18,184.25,0.00403762492363428
2014-02-19,183.02,0.00649991320565709
2014-02-20,184.16,0.0058894671624652
2014-02-21,183.91,0.00483738161697954
2014-02-24,184.99,0.00470246216716582
2014-02-25,184.8,0.00594086117611864
2014-02-26,184.83,0.00579701893424371
2014-02-27,185.84,0.00538904229797037
2014-02-28,186.33,0.00638973086776282
2014-03-03,184.92,0.00856138903636816
2014-03-04,187.69,0.00494989861520082
2014-03-05,187.73,0.00476778720784234
2014-03-06,188.18,0.00328269664436768
2014-03-07,188.21,0.00597310658564741
2014-03-10,188.18,0.00519543595779652
2014-03-11,187.2,0.00531508675658496
2014-03-12,187.26,0.0056433826674877
2014-03-13,185.19,0.00710869840804818
2014-03-14,184.61,0.00715636213665478
2014-03-17,186.34,0.00512515881126395
2014-03-18,187.69,0.00458740668516047
2014-03-19,186.68,0.00700630301121994
2014-03-20,187.76,0.00548074802295937
2014-03-21,186.21,0.00613434031771707
2014-03-24,185.41,0.00727857310772904
2014-03-25,186.34,0.00632412809464494
2014-03-26,184.96,0.00715077312602748
2014-03-27,184.62,0.00768355169294549
2014-03-28,185.48,0.00562692083314437
2014-03-31,187.02,0.00478624993469111
2014-04-01,188.25,0.00387352606179762
2014-04-02,188.88,0.00432863841839801
2014-04-03,188.63,0.00445975194266983
2014-04-04,186.39,0.0081610258795515
2014-04-07,184.31,0.00702681521431214
2014-04-08,185.11,0.00683683093360631
2014-04-09,187.12,0.00590089301134375
2014-04-10,183.15,0.00786402056979422
2014-04-11,181.48,0.00860066931250027
2014-04-14,182.95,0.006772547323994
2014-04-15,184.23,0.00993127243809148
2014-04-16,186.13,0.00648428694425238
2014-04-17,186.39,0.00513498368600661
2014-04-21,187.05,0.00452812272223486
2014-04-22,187.86,0.00345959182012279
2014-04-23,187.46,0.00412211912889099
2014-04-24,187.82,0.00589911678887373
2014-04-25,186.3,0.00562904702757713
2014-04-28,186.9,0.00720577579407089
2014-04-29,187.73,0.00516546761972383
2014-04-30,188.39,0.00582967393314718
2014-05-01,188.32,0.00514087774862857
2014-05-02,188.07,0.00586908679029046
2014-05-05,188.44,0.00471404311827063
2014-05-06,186.82,0.00478707748341557
2014-05-07,187.9,0.00685066051508119
2014-05-08,187.69,0.00611162982803734
2014-05-09,188.02,0.00616609011290938
2014-05-12,189.78,0.0034817513326369
2014-05-13,189.95,0.00406884721816013
2014-05-14,189.05,0.00420797249827007
2014-05-15,187.38,0.006594033572271
2014-05-16,188.08,0.0056272986739163
2014-05-19,188.74,0.0039600146075523
2014-05-20,187.53,0.0051663299234124
2014-05-21,189.12,0.00452513106302008
2014-05-22,189.59,0.00379581304009489
2014-05-23,190.37,0.00264418692798503
2014-05-27,191.54,0.00275857474502268
2014-05-28,191.35,0.00351668682847982
2014-05-29,192.38,0.00314502816190657
2014-05-30,192.65,0.00305213087934284
2014-06-02,192.9,0.00354745000289087
2014-06-03,192.81,0.00299032134826249
2014-06-04,193.17,0.00288283779872855
2014-06-05,194.45,0.00417655306578035
2014-06-06,195.38,0.00267158029519523
2014-06-09,195.58,0.00308351438908462
2014-06-10,195.6,0.00306702630569518
2014-06-11,194.94,0.00367510013857304
2014-06-12,193.53,0.00418849897043956
2014-06-13,194.14,0.00392583093697016
2014-06-16,194.3,0.00388159666763286
2014-06-17,194.82,0.00393809209179951
2014-06-18,196.25,0.00447081179722447
2014-06-19,196.49,0.00320178727250155
2014-06-20,195.95,0.00256890445708997
2014-06-23,195.88,0.00319170747101694
2014-06-24,194.7,0.00416708030462054
2014-06-25,195.56,0.00426086086687236
2014-06-26,195.44,0.00499821583773933
2014-06-27,195.8,0.00350557190008123
2014-06-30,195.71,0.00334273488998007
2014-07-01,197.06,0.00358347533222914
2014-07-02,197.24,0.0030211471184494
2014-07-07,197.54,0.00333188857954753
2014-07-08,196.27,0.00440952070049266
2014-07-09,197.13,0.00444828151794113
2014-07-10,196.34,0.00472319517182427
2014-07-11,196.59,0.00359426708310136
2014-07-14,197.59,0.00269980820042371
2014-07-15,197.23,0.0052015868329342
2014-07-16,197.97,0.00331429830594134
2014-07-17,195.72,0.00606852601948363
2014-07-18,197.72,0.00371277871823239
2014-07-21,197.3,0.00378422494734007
2014-07-22,198.19,0.00321605470691964
2014-07-23,198.65,0.00320154392127283
2014-07-24,198.65,0.00348372571279932
2014-07-25,197.71,0.00360406559338467
2014-07-28,197.79,0.00438134926383298
2014-07-29,196.95,0.00473097752445265
2014-07-30,196.99,0.00665649338999416
2014-07-31,193.05,0.00700398210287609
2014-08-01,192.49,0.00774306975277489
2014-08-04,193.88,0.00526094213921882
2014-08-05,191.98,0.00869090963294842
2014-08-06,192.05,0.00592693128385881
2014-08-07,191.01,0.00708224877726945
2014-08-08,193.24,0.00569297252382106
2014-08-11,193.79,0.00410531123778457
2014-08-12,193.54,0.00520071646526115
2014-08-13,194.91,0.00377198991536244
2014-08-14,195.74,0.00312200146177863
2014-08-15,195.73,0.00716245169826005
2014-08-18,197.36,0.00253151480856718
2014-08-19,198.39,0.00236648797553773
2014-08-20,198.91,0.00382996980497491
2014-08-21,199.49,0.00261132989742736
2014-08-22,199.16,0.00448253398581908
2014-08-25,200.17,0.00279478828226088
2014-08-26,200.34,0.00253724771173329
2014-08-27,200.27,0.00272925086778259
2014-08-28,200.14,0.00313476359531457
2014-08-29,200.7,0.00313500033563233
2014-09-02,200.59,0.00350070660178615
2014-09-03,200.51,0.00319229522533949
2014-09-04,200.22,0.00445044427642886
2014-09-05,201.13,0.00466112909379991
2014-09-08,200.6,0.00375549903576463
2014-09-09,199.33,0.00517033769665347
2014-09-10,200.08,0.00498761223576548
2014-09-11,200.28,0.00448762888244291
2014-09-12,199.13,0.00479744837116818
2014-09-15,198.99,0.00489360195051379
2014-09-16,200.49,0.00437581940851276
2014-09-17,200.73,0.00607068747965925
2014-09-18,201.77,0.00328868431379701
2014-09-19,200.73,0.00406052932953126
2014-09-22,199.14,0.00472460473949798
2014-09-23,198,0.00481310270101206
2014-09-24,199.57,0.00451648410056063
2014-09-25,196.32,0.00720560142659169
2014-09-26,197.95,0.00571088633638596
2014-09-29,197.52,0.00588257927627699
2014-09-30,197,0.00693605795506374
2014-10-01,194.34,0.00711294831270979
2014-10-02,194.39,0.00769908679072642
2014-10-03,196.53,0.00556410186014763
2014-10-06,196.26,0.00667961868873198
2014-10-07,193.26,0.00740218136714254
2014-10-08,196.64,0.00888756808297501
2014-10-09,192.68,0.0118626953855174
2014-10-10,190.52,0.0118555226351841
2014-10-13,187.38,0.0116952726521348
2014-10-14,187.75,0.0117304327052997
2014-10-15,186.29,0.0176572731864075
2014-10-16,186.24,0.0177568930712998
2014-10-17,188.54,0.00969137010197523
2014-10-20,190.32,0.00795860456080937
2014-10-21,194.05,0.00554683553204794
2014-10-22,192.71,0.00742672119444313
2014-10-23,194.95,0.00761854738730637
2014-10-24,196.38,0.00710912567639711
2014-10-27,196.11,0.00652218044749137
2014-10-28,198.37,0.00458735419563844
2014-10-29,198.14,0.00862514863512372
2014-10-30,199.44,0.00653447281685844
2014-10-31,201.66,0.00502664003880883
2014-11-03,201.75,0.00520286276437517
2014-11-04,201.11,0.00592540540003984
2014-11-05,202.37,0.00534641359716126
2014-11-06,203.18,0.00508416565305953
2014-11-07,203.37,0.00453534172127259
2014-11-10,203.97,0.00318071884927549
2014-11-11,204.17,0.00331392801095984
2014-11-12,203.98,0.00369179882728646
2014-11-13,204.17,0.00517533533540791
2014-11-14,204.25,0.00422660439043095
2014-11-17,204.38,0.00433289629862318
2014-11-18,205.55,0.0032863406803815
2014-11-19,205.19,0.00489251774648312
2014-11-20,205.59,0.0036602107255502
2014-11-21,206.68,0.00414033654381254
2014-11-24,207.28,0.00279305981080064
2014-11-25,207.18,0.0035546730235548
2014-11-26,207.66,0.00264870988430937
2014-12-01,205.8,0.00521263952829251
2014-12-02,207.09,0.00390279648967988
2014-12-03,207.91,0.00333098243974085
2014-12-04,207.66,0.00539013179407568
2014-12-05,208,0.0037189966211052
2014-12-08,206.62,0.00512626456094907
2014-12-09,206.46,0.00637771535048583
2014-12-10,203.17,0.00776947117825191
2014-12-11,204.17,0.00674036514122124
2014-12-12,200.87,0.00860188029718061
2014-12-15,199.48,0.0112082232755081
2014-12-16,197.94,0.0121458483409957
2014-12-17,201.9,0.0126137987156346
2014-12-18,206.8,0.00676309818755435
2014-12-19,206.53,0.00626177572034294
2014-12-22,207.45,0.00418688777338677
2014-12-23,207.75,0.00362876989749273
2014-12-26,208.42,0.00234293459082028
2014-12-29,208.73,0.00281329354795185
2014-12-30,207.61,0.0037766869868464
2014-12-31,205.52,0.00558189125943699
2015-01-02,205.41,0.00762332241662976
2015-01-05,201.8,0.00845433633572969
2015-01-06,199.82,0.0102830113045857
2015-01-07,202.34,0.00907221201187181
2015-01-08,205.92,0.00493031081757843
2015-01-09,204.18,0.00852070854557192
2015-01-12,202.62,0.00818009851381377
2015-01-13,202.07,0.00945395936849867
2015-01-14,200.9,0.011178131282738
2015-01-15,199.02,0.0118809465714398
2015-01-16,201.55,0.00953789319425393
2015-01-20,202.04,0.00858414883365174
2015-01-21,203.09,0.00886814480432303
2015-01-22,206.09,0.00850710937308645
2015-01-23,204.95,0.0062453981992824
2015-01-26,205.46,0.00548451137206759
2015-01-27,202.75,0.0085347840941404
2015-01-28,200.07,0.00950461325180001
2015-01-29,201.98,0.0105207213973953
2015-01-30,199.45,0.0106031589950389
2015-02-02,201.87,0.0114995786367196
2015-02-03,204.8,0.0079111152689288
2015-02-04,204.07,0.00785603722616083
2015-02-05,206.18,0.00579000141633578
2015-02-06,205.51,0.00767044148660273
2015-02-09,204.59,0.00645498712607155
2015-02-10,206.81,0.00549674274994144
2015-02-11,206.94,0.00590242592894006
2015-02-12,208.9,0.00432976339386346
2015-02-13,209.8,0.00416055933486424
2015-02-17,210.16,0.00423637871485844
2015-02-18,210.15,0.004534259615092
2015-02-19,210.01,0.00375958284214789
2015-02-20,211.27,0.00616163128827973
2015-02-23,211.21,0.00334304970061234
2015-02-24,211.84,0.00432505598127285
2015-02-25,211.61,0.00359530024556307
2015-02-26,211.41,0.00443653419905752
2015-02-27,210.69,0.00431999676377627
2015-03-02,212,0.00326251097970993
2015-03-03,211.14,0.00452170996199028
2015-03-04,210.23,0.00504503460889335
2015-03-05,210.47,0.00390644898793713
2015-03-06,207.48,0.00620481362420907
2015-03-09,208.38,0.00464624695184083
2015-03-10,204.98,0.00672809391501019
2015-03-11,204.51,0.00575944336762329
2015-03-12,207.11,0.00438750985694926
2015-03-13,205.84,0.00704479325448563
2015-03-16,208.65,0.00502702736410459
2015-03-17,207.98,0.00517306575378645
2015-03-18,210.44,0.00913289136146272
2015-03-19,209.48,0.0051301371267566
2015-03-20,210.42,0.00414129352668227
2015-03-23,210.04,0.00362483333198912
2015-03-24,208.81,0.00518705445634846
2015-03-25,205.75,0.00644094174860725
2015-03-26,205.28,0.00777202287614317
2015-03-27,205.72,0.00611052232015883
2015-03-30,208.26,0.00426065439142336
2015-03-31,206.44,0.00629716467855157
2015-04-01,205.76,0.00759689708927518
2015-04-02,206.38,0.00528852703753826
2015-04-06,207.84,0.00497694378307443
2015-04-07,207.26,0.00442179258120534
2015-04-08,207.99,0.00625113748346076
2015-04-09,208.93,0.00598314837103959
2015-04-10,210.04,0.00330343588756257
2015-04-13,209.08,0.00411739221925058
2015-04-14,209.48,0.00521855560957899
2015-04-15,210.45,0.00398155769011243
2015-04-16,210.36,0.00445431749723322
2015-04-17,207.93,0.00617446193495321
2015-04-20,209.85,0.00414146679883699
2015-04-21,209.62,0.00512681520638039
2015-04-22,210.64,0.00524234979838579
2015-04-23,211.18,0.00446581155944462
2015-04-24,211.65,0.00375888856919319
2015-04-27,210.76,0.0045893190035701
2015-04-28,211.42,0.0054808448173805
2015-04-29,210.55,0.00777075582860594
2015-04-30,208.46,0.00737648911167452
2015-05-01,210.69,0.00498654548648161
2015-05-04,211.34,0.00417257603048243
2015-05-05,208.9,0.00620893692154871
2015-05-06,208.03,0.0074370540797307
2015-05-07,208.87,0.00690610892242715
2015-05-08,211.63,0.00331701595849499
2015-05-11,210.61,0.00462392940607955
2015-05-12,209.97,0.00652609045182481
2015-05-13,210.04,0.00554792729089169
2015-05-14,212.21,0.00326322168185185
2015-05-15,212.47,0.00363418399046165
2015-05-18,213.09,0.00283808643588423
2015-05-19,213.01,0.00415987284225357
2015-05-20,212.86,0.00478038723785368
2015-05-21,213.47,0.00308059553443747
2015-05-22,212.97,0.00335850619199173
2015-05-26,210.73,0.0052202476769533
2015-05-27,212.68,0.00426290994829972
2015-05-28,212.49,0.00478304906301107
2015-05-29,211.1,0.00564668636585835
2015-06-01,211.57,0.00571646544519468
2015-06-02,211.37,0.00521762819912619
2015-06-03,211.93,0.00489574504568136
2015-06-04,210.22,0.00691732093480938
2015-06-05,209.79,0.00572433440805002
2015-06-08,208.47,0.00529656289304478
2015-06-09,208.45,0.00526740462708688
2015-06-10,210.95,0.00493844310885279
2015-06-11,211.6,0.0043838284122654
2015-06-12,210,0.00491363816651355
2015-06-15,209.09,0.00604121644924663
2015-06-16,210.26,0.00448879624934237
2015-06-17,210.62,0.00634353702592794
2015-06-18,212.75,0.00408946408593474
2015-06-19,210.46,0.00388223345271751
2015-06-22,211.9,0.00358623649980565
2015-06-23,212.03,0.00361545564310352
2015-06-24,210.49,0.00422217384746152
2015-06-25,209.81,0.00449355243742968
2015-06-26,209.83,0.00516426278672055
2015-06-29,205.44,0.0068574713382165
2015-06-30,205.89,0.00808397030436
2015-07-01,207.52,0.0062208697877254
2015-07-02,207.31,0.00490316725423122
2015-07-06,206.7,0.00623342936204326
2015-07-07,207.9,0.00874767092311591
2015-07-08,204.48,0.0093948033648222
2015-07-09,204.88,0.00660126044432297
2015-07-10,207.46,0.00487720108838756
2015-07-13,209.77,0.0037344901783717
2015-07-14,210.68,0.00294591117988001
2015-07-15,210.63,0.00413827975992572
2015-07-16,212.25,0.00308776734252238
2015-07-17,212.45,0.00284981023720106
2015-07-20,212.61,0.00319550129538658
2015-07-21,211.75,0.00349530179706076
2015-07-22,211.34,0.00372881565768253
2015-07-23,210.17,0.00451344820077776
2015-07-24,207.97,0.0049471912074471
2015-07-27,206.76,0.00601287283612089
2015-07-28,209.3,0.0054102319523827
2015-07-29,210.74,0.00576541971942469
2015-07-30,210.78,0.00513465485341493
2015-07-31,210.47,0.00486095494650401
2015-08-03,209.77,0.00572258733147299
2015-08-04,209.35,0.00543636576691861
2015-08-05,210.09,0.00471405433873255
2015-08-06,208.47,0.00557266049175689
2015-08-07,207.92,0.00608036335201349
2015-08-10,210.59,0.00317020913175919
2015-08-11,208.63,0.00583228605983137
2015-08-12,208.88,0.00723367768015029
2015-08-13,208.63,0.00634515667960926
2015-08-14,209.4,0.00453744094134047
2015-08-17,210.57,0.00438731089027453
2015-08-18,209.97,0.00447389080612609
2015-08-19,208.32,0.00778270145844897
2015-08-20,203.92,0.00852776404527121
2015-08-21,197.53,0.0123889643636598
2015-08-24,189.46,0.0351093396848649
2015-08-25,187.24,0.0180241530151687
2015-08-26,194.56,0.0215384915367674
2015-08-27,199.28,0.014664152510059
2015-08-28,199.28,0.0116105953150986
2015-08-31,197.6,0.00948605960386806
2015-09-01,191.6,0.0156004638064034
2015-09-02,195.46,0.0118913019222317
2015-09-03,195.54,0.011755093911236
2015-09-04,192.56,0.010969841462205
2015-09-08,197.51,0.00722520575750918
2015-09-09,194.79,0.00999361439971124
2015-09-10,195.88,0.0115707568628873
2015-09-11,196.77,0.00796923036434958
2015-09-14,196,0.00669598033853046
2015-09-15,198.49,0.00626931341210165
2015-09-16,200.19,0.00635600314086875
2015-09-17,199.76,0.0125288631427267
2015-09-18,195.42,0.00987853724788583
2015-09-21,196.46,0.00844100840402566
2015-09-22,193.88,0.00882303235218407
2015-09-23,193.57,0.00799586611633348
2015-09-24,192.93,0.010279575426752
2015-09-25,192.81,0.00975462866383348
2015-09-28,187.93,0.00980298908010268
2015-09-29,188.05,0.0120776858111992
2015-09-30,191.67,0.00930020790183531
2015-10-01,192.15,0.0111281931314486
2015-10-02,194.98,0.0111175086638573
2015-10-05,198.5,0.00658305120010044
2015-10-06,197.82,0.00810584197739831
2015-10-07,199.42,0.00933732863107864
2015-10-08,201.22,0.00813094420029665
2015-10-09,201.36,0.00612011935478031
2015-10-12,201.55,0.00464593943472839
2015-10-13,200.22,0.00590428331000122
2015-10-14,199.27,0.00714746854175073
2015-10-15,202.33,0.00635128250081176
2015-10-16,203.14,0.00487628826791445
2015-10-19,203.33,0.00509558017312202
2015-10-20,203.07,0.00562734297774904
2015-10-21,201.81,0.0071980743670474
2015-10-22,205.22,0.00624540259476277
2015-10-23,207.51,0.00651007668040985
2015-10-26,206.97,0.00469741807967122
2015-10-27,206.58,0.0053456235927487
2015-10-28,208.93,0.0078382976158681
2015-10-29,208.87,0.00516890363972375
2015-10-30,207.85,0.00582633368525251
2015-11-02,210.37,0.00421065882931688
2015-11-03,210.96,0.00423032504102938
2015-11-04,210.38,0.00625251447559664
2015-11-05,210.12,0.00601416447007037
2015-11-06,210.02,0.00679735293047484
2015-11-09,208.06,0.00665639251938017
2015-11-10,208.51,0.00595149663667987
2015-11-11,207.71,0.00510638220198152
2015-11-12,204.89,0.00690668149673176
2015-11-13,202.54,0.0073670793265465
2015-11-16,205.6,0.00776586823335831
2015-11-17,205.38,0.00785702087189323
2015-11-18,208.71,0.00676491223776127
2015-11-19,208.53,0.00535790305887266
2015-11-20,209.35,0.0041047657856491
2015-11-23,209.06,0.00462753571252656
2015-11-24,209.38,0.00595032949359122
2015-11-25,209.32,0.00364865642261225
2015-11-30,208.67,0.00456997955344278
2015-12-01,210.74,0.00519284232603987
2015-12-02,208.51,0.00592792508088027
2015-12-03,205.6,0.00892253876312339
2015-12-04,209.63,0.00723086086875163
2015-12-07,208.29,0.00794118409297253
2015-12-08,206.96,0.00848964221338414
2015-12-09,205.36,0.0107074434183732
2015-12-10,205.82,0.00859817848705525
2015-12-11,201.85,0.0101175301031836
2015-12-14,202.99,0.012198693594367
2015-12-15,205.09,0.00685515581860632
2015-12-16,207.97,0.0116289862557363
2015-12-17,204.89,0.00953843531665989
2015-12-18,199.95,0.0098719077028536
2015-12-21,201.66,0.00724442838073913
2015-12-22,203.51,0.00634907682155456
2015-12-23,206.02,0.00493059057903638
2015-12-28,205.19,0.00491356812983784
2015-12-29,207.43,0.00363696731668819
2015-12-30,205.94,0.00462798772823027
2015-12-31,203.9,0.00608256160685954
2016-01-04,200.99,0.00958465472545856
2016-01-05,201.41,0.00867012466572396
2016-01-06,198.79,0.00926823092636006
2016-01-07,194,0.0120460800776377
2016-01-08,191.89,0.0110474298064352
2016-01-11,192.08,0.0119459369712798
2016-01-12,193.65,0.0116087225631038
2016-01-13,188.84,0.0134273901904053
2016-01-14,191.89,0.0139096862938295
2016-01-15,187.78,0.0149866613125631
2016-01-19,188.02,0.0132108950850818
2016-01-20,185.79,0.0185759457760583
2016-01-21,186.68,0.0174511188344331
2016-01-22,190.49,0.0101105015212906
2016-01-25,187.66,0.0100136468072486
2016-01-26,190.18,0.00956709582148073
2016-01-27,188.12,0.0146257911901612
2016-01-28,189.14,0.0132955766912088
2016-01-29,193.69,0.00800315865961501
2016-02-01,193.69,0.00866262110938738
2016-02-02,190.12,0.00917616837180699
2016-02-03,191.19,0.0159403528517385
2016-02-04,191.55,0.0140121809289479
2016-02-05,187.95,0.0121341960326076
2016-02-08,185.37,0.0133311530262885
2016-02-09,185.38,0.0150559512995383
2016-02-10,185.29,0.0123834624955123
2016-02-11,183.06,0.0160377296080832
2016-02-12,186.64,0.00895419200458261
2016-02-16,189.77,0.00795811270409266
2016-02-17,192.88,0.00607344168225121
2016-02-18,192.04,0.00684824237923091
2016-02-19,192.02,0.00741658951076435
2016-02-22,194.79,0.00536746509298514
2016-02-23,192.37,0.00627195311358393
2016-02-24,193.22,0.00922622110205014
2016-02-25,195.53,0.00712073041737702
2016-02-26,195.12,0.00702612947806942
2016-02-29,193.48,0.00786065203340642
2016-03-01,198.18,0.00683337763581023
2016-03-02,199,0.00691815242579961
2016-03-03,199.76,0.00609909924067073
2016-03-04,200.38,0.00693303328191731
2016-03-07,200.59,0.00694952762283038
2016-03-08,198.36,0.00771087682212084
2016-03-09,199.42,0.00746753180749502
2016-03-10,199.54,0.0105752765027596
2016-03-11,202.73,0.00499163301673737
2016-03-14,202.49,0.00479475649880791
2016-03-15,202.18,0.0045998563799089
2016-03-16,203.39,0.0081405022647574
2016-03-17,204.65,0.00518490335241942
2016-03-18,204.44,0.00490709656211056
2016-03-21,204.68,0.00508115597774912
2016-03-22,204.59,0.00492948457954515
2016-03-23,203.24,0.0057270843730738
2016-03-24,203.14,0.00457294445672988
2016-03-28,203.26,0.00493393843213425
2016-03-29,205.16,0.00551881057150591
2016-03-30,206.08,0.00454321831001648
2016-03-31,205.55,0.00451070577541529
2016-04-01,206.89,0.00557825034163809
2016-04-04,206.27,0.0043339122591524
2016-04-05,204.19,0.00618708024738205
2016-04-06,206.42,0.00603497823466811
2016-04-07,203.94,0.00602069684394869
2016-04-08,204.52,0.00580446049813657
2016-04-11,203.98,0.00639209841702913
2016-04-12,205.94,0.00696637718008426
2016-04-13,208.02,0.00474520262235502
2016-04-14,208.01,0.00389538327897345
2016-04-15,207.82,0.00333825533918676
2016-04-18,209.28,0.0041536852918745
2016-04-19,209.87,0.00447775195408865
2016-04-20,210.06,0.00388171049972323
2016-04-21,208.96,0.00517110646215718
2016-04-22,208.99,0.00546026697542915
2016-04-25,208.61,0.00473053961802257
2016-04-26,208.98,0.00449818570747996
2016-04-27,209.34,0.00595717240525575
2016-04-28,207.48,0.00553124150498105
2016-04-29,206.33,0.0071720347454878
2016-05-02,207.98,0.00563005478656248
2016-05-03,206.15,0.00620229236151454
2016-05-04,204.99,0.00602486167125001
2016-05-05,204.98,0.0056718058446965
2016-05-06,205.7,0.00607198688674354
2016-05-09,205.89,0.005053145708324
2016-05-10,208.43,0.00349123775365287
2016-05-11,206.56,0.00443456833660391
2016-05-12,206.56,0.00593021039031063
2016-05-13,204.76,0.00652197978226334
2016-05-16,206.78,0.00452643346309986
2016-05-17,204.88,0.0059610975814115
2016-05-18,204.96,0.00904338709624835
2016-05-19,204.22,0.00731504604357581
2016-05-20,205.47,0.00460794914306267
2016-05-23,205.15,0.00463057537448018
2016-05-24,207.85,0.00356354748868363
2016-05-25,209.23,0.00406964346326239
2016-05-26,209.33,0.00399392738919378
2016-05-27,210.2,0.00323668613481428
2016-05-31,209.9,0.00435032567116833
2016-06-01,210.27,0.00446920671196074
2016-06-02,210.91,0.00417172735696388
2016-06-03,210.3,0.00509850543384353
2016-06-06,211.35,0.00396587016093757
2016-06-07,211.67,0.00314319423745971
2016-06-08,212.34,0.0033540859207451
2016-06-09,212.01,0.00398443741531497
2016-06-10,210.06,0.00476669153027633
2016-06-13,208.45,0.00589103214270684
2016-06-14,208.08,0.00666016749395789
2016-06-15,207.75,0.00592690101720321
2016-06-16,208.42,0.0072243496437284
2016-06-17,206.58,0.00578581733047082
2016-06-20,207.86,0.00483746398863624
2016-06-21,208.39,0.00497356939062548
2016-06-22,208.05,0.00504305576195968
2016-06-23,210.83,0.00435016319691457
2016-06-24,203.22,0.0123005735087299
2016-06-27,199.59,0.0104344342870639
2016-06-28,203.17,0.00653589733525543
2016-06-29,206.67,0.00515138153069737
2016-06-30,209.5,0.00673796098955247
2016-07-01,209.83,0.00473681864594836
2016-07-05,208.43,0.00556642721641027
2016-07-06,209.75,0.00741481916388415
2016-07-07,209.53,0.00572593098405189
2016-07-08,212.65,0.00429646939901635
2016-07-11,213.41,0.00356640290032034
2016-07-12,214.94,0.00315579782688007
2016-07-13,214.93,0.00391230918065889
2016-07-14,216.07,0.00393263089693604
2016-07-15,215.81,0.0036027808428109
2016-07-18,216.41,0.00291943185620644
2016-07-19,216.15,0.00323599191446674
2016-07-20,217.09,0.0027575040620633
2016-07-21,216.25,0.00347135812976746
2016-07-22,217.24,0.0029690395301916
2016-07-25,216.67,0.00335800770748527
2016-07-26,216.73,0.00459375570758918
2016-07-27,216.53,0.00532645592176572
2016-07-28,216.78,0.00443063903717801
2016-07-29,217.14,0.00402248767696327
2016-08-01,216.89,0.00495944110403835
2016-08-02,215.55,0.00527733732246948
2016-08-03,216.21,0.0037138127867326
2016-08-04,216.41,0.00348846267271236
2016-08-05,218.17,0.00278294318892583
2016-08-08,218.03,0.00261864239327522
2016-08-09,218.17,0.00289317400527113
2016-08-10,217.64,0.00356397053244556
2016-08-11,218.65,0.00308173296536689
2016-08-12,218.45,0.0031259462905147
2016-08-15,219.13,0.00223495910452309
2016-08-16,217.98,0.00307258312338927
2016-08-17,218.37,0.00454578693014471
2016-08-18,218.87,0.00275687504891342
2016-08-19,218.57,0.00297530924660869
2016-08-22,218.5,0.00420219373800003
2016-08-23,218.94,0.00277374520215818
2016-08-24,217.88,0.00356000302743666
2016-08-25,217.61,0.00419252961028857
2016-08-26,217.25,0.00730729187039564
2016-08-29,218.36,0.00289177189281726
2016-08-30,217.97,0.00373060961330851
2016-08-31,217.39,0.00409438202932568
2016-09-01,217.41,0.00510639347735239
2016-09-02,218.37,0.00384443517833176
2016-09-06,219.07,0.00387033378740245
2016-09-07,219.06,0.00317987283813816
2016-09-08,218.53,0.00409869365825333
2016-09-09,213.28,0.00587463024732528
2016-09-12,216.34,0.0077923338323434
2016-09-13,213.23,0.00971506336609208
2016-09-14,213.14,0.00760060943580054
2016-09-15,215.29,0.00669127711932435
2016-09-16,213.34,0.00596321977681268
2016-09-19,213.39,0.00486928791663355
2016-09-20,213.43,0.00452935220761512
2016-09-21,215.79,0.00662414308129693
2016-09-22,217.15,0.00384373986717732
2016-09-23,215.98,0.00370602505706506
2016-09-26,214.21,0.00443298280631429
2016-09-27,215.55,0.00499195950216152
2016-09-28,216.68,0.00531308018487556
2016-09-29,214.69,0.00777808551749993
2016-09-30,216.36,0.00463649952151522
2016-10-03,215.69,0.00525472220228734
2016-10-04,214.72,0.00707515561157777
2016-10-05,215.66,0.00371812508994981
2016-10-06,215.83,0.00425293048202056
2016-10-07,215.05,0.00586546449497502
2016-10-10,216.11,0.00294010336145239
2016-10-11,213.45,0.0057390811016528
2016-10-12,213.72,0.00483941688549337
2016-10-13,213.04,0.00593194397805204
2016-10-14,213.09,0.00523826630063488
2016-10-17,212.4,0.00468883879530078
2016-10-18,213.69,0.00357580081816353
2016-10-19,214.25,0.00284545626405004
2016-10-20,213.89,0.00523325380590571
2016-10-21,213.94,0.00367743748273486
2016-10-24,214.85,0.00308817698362678
2016-10-25,214.18,0.00349620110835976
2016-10-26,213.74,0.00499079254027753
2016-10-27,213.17,0.00485246067476963
2016-10-28,212.52,0.00758161595240185
2016-10-31,212.51,0.00446284209413652
2016-11-01,211,0.00649850161849532
2016-11-02,209.7,0.00697638501803593
2016-11-03,208.84,0.00545541159126953
2016-11-04,208.52,0.00571400174097846
2016-11-07,213.1,0.00381880523162798
2016-11-08,214.07,0.00497209954275184
2016-11-09,216.41,0.0109096542230144
2016-11-10,216.86,0.0104936271020592
2016-11-11,216.46,0.00671749253021495
2016-11-14,216.55,0.00655805351769523
2016-11-15,218.25,0.00401338249475079
2016-11-16,217.93,0.00377401939266007
2016-11-17,218.95,0.00367953782519016
2016-11-18,218.52,0.00341284747266596
2016-11-21,220.11,0.0029903649541402
2016-11-22,220.53,0.00316098663735294
2016-11-23,220.73,0.00326148841901177
2016-11-28,220.54,0.00346365126721841
2016-11-29,220.89,0.00317368117970873
2016-11-30,220.33,0.00411986430468289
2016-12-01,219.52,0.00508378167597437
2016-12-02,219.66,0.00390227221800506
2016-12-05,220.92,0.00370580839046267
2016-12-06,221.69,0.00312838274801743
2016-12-07,224.57,0.00417455418347932
2016-12-08,225.14,0.00453293438340652
2016-12-09,226.49,0.00305925243867952
2016-12-12,226.22,0.00371733598049305
2016-12-13,227.71,0.00397002532295634
2016-12-14,225.92,0.00737336011362755
2016-12-15,226.77,0.00563818298223035
2016-12-16,225.07,0.00428210168259218
2016-12-19,225.49,0.00383366486248865
2016-12-20,226.37,0.00285304533448706
2016-12-21,225.81,0.00235548939826102
2016-12-22,225.44,0.00301263074160058
2016-12-23,225.69,0.00192627737537349
2016-12-27,226.24,0.00215145809500997
2016-12-28,224.43,0.00355305932134961
2016-12-29,224.37,0.00317287647776805
2016-12-30,223.55,0.00462029427003569
2017-01-03,225.19,0.00510313999886007
2017-01-04,226.53,0.00349292951949434
2017-01-05,226.36,0.00363524938469588
2017-01-06,227.24,0.00378592956243792
2017-01-09,226.49,0.0032396950353447
2017-01-10,226.43,0.00325201971115793
2017-01-11,227.06,0.00635741335332946
2017-01-12,226.57,0.00468340502434554
2017-01-13,227.03,0.00334754519544053
2017-01-17,226.29,0.00364798719734575
2017-01-18,226.74,0.00355377290910448
2017-01-19,225.95,0.00395926553322303
2017-01-20,226.7,0.00511185971060998
2017-01-23,226.18,0.00401689722132585
2017-01-24,227.58,0.00297493473314755
2017-01-25,229.49,0.00304295038816552
2017-01-26,229.3,0.00326206975188644
2017-01-27,228.99,0.00286877914046987
2017-01-30,227.62,0.00424111183699131
2017-01-31,227.56,0.00419774327933743
2017-02-01,227.64,0.00483687694273093
2017-02-02,227.77,0.00379955857844604
2017-02-03,229.37,0.00328946545730782
2017-02-06,228.97,0.00330472628026194
2017-02-07,228.97,0.00319419639478751
2017-02-08,229.26,0.00332172559498999
2017-02-09,230.57,0.00290898319894204
2017-02-10,231.48,0.0027031292286627
2017-02-13,232.73,0.00243953970806575
2017-02-14,233.71,0.00335480769717845
2017-02-15,234.87,0.00303694578103521
2017-02-16,234.73,0.00423900235551761
2017-02-17,235.06,0.00313233849295645
2017-02-21,236.45,0.00322292642005131
2017-02-22,236.3,0.00300474569157314
2017-02-23,236.45,0.0034470798650067
2017-02-24,236.78,0.00341563535971156
2017-02-27,237.13,0.00343270803144086
2017-02-28,236.52,0.00289118123889201
2017-03-01,239.75,0.00329369059807911
2017-03-02,238.33,0.00334177158471397
2017-03-03,238.48,0.00383790118173889
2017-03-06,237.76,0.00315733146655807
2017-03-07,237.05,0.00336977808455884
2017-03-08,236.59,0.00371853526893553
2017-03-09,236.82,0.00397902089301525
2017-03-10,237.64,0.00399748883477237
2017-03-13,237.76,0.00277753491483422
2017-03-14,236.93,0.00368251938833852
2017-03-15,238.9,0.00438415687962875
2017-03-16,238.52,0.00374901311491637
2017-03-17,237.08,0.00286114667574975
2017-03-20,236.74,0.00315561488359629
2017-03-21,233.79,0.00688443737481647
2017-03-22,234.27,0.00569595070170274
2017-03-23,234.01,0.00540919953923251
2017-03-24,233.9,0.00579053852637487
2017-03-27,233.58,0.00514681035190524
2017-03-28,235.27,0.00478572079942732
2017-03-29,235.59,0.0037557942778718
2017-03-30,236.27,0.00363172576498324
2017-03-31,235.71,0.00348643540278141
2017-04-03,235.37,0.00496610155259064
2017-04-04,235.51,0.00394769620617367
2017-04-05,234.76,0.00527093727970832
2017-04-06,235.39,0.00501265074149916
2017-04-07,235.17,0.00491716523462803
2017-04-10,235.32,0.00439274601251289
2017-04-11,235.04,0.00616179264717388
2017-04-12,234.1,0.00538817261971727
2017-04-13,232.54,0.00475543684755551
2017-04-17,234.57,0.00344742938882713
2017-04-18,233.86,0.00418940339132237
2017-04-19,233.46,0.00398959218133114
2017-04-20,235.3,0.00383401943617666
2017-04-21,234.59,0.0039651481217142
2017-04-24,237.12,0.00349022154305991
2017-04-25,238.53,0.00289256615215233
2017-04-26,238.44,0.00465482180754675
2017-04-27,238.61,0.00327355986290682
2017-04-28,238.1,0.00285225968332701
2017-05-01,238.65,0.00313649639650192
2017-05-02,238.79,0.00282034025086734
2017-05-03,238.52,0.00308058771669508
2017-05-04,238.75,0.00394168562317746
2017-05-05,239.71,0.00280204051020433
2017-05-08,239.67,0.0023944104575173
2017-05-09,239.46,0.00276410642101161
2017-05-10,239.85,0.00245001831968804
2017-05-11,239.42,0.00376690244188333
2017-05-12,239.03,0.00271816915741522
2017-05-15,240.25,0.00222892507331433
2017-05-16,240.1,0.00265203146703966
2017-05-17,235.85,0.0056342120020676
2017-05-18,236.67,0.0063123035495142
2017-05-19,238.3,0.0039389892360074
2017-05-22,239.53,0.00266796602818726
2017-05-23,240.02,0.00270432943988354
2017-05-24,240.59,0.00265343794622202
2017-05-25,241.71,0.00302757510611156
2017-05-26,241.74,0.00222852636830346
2017-05-30,241.52,0.00248812184283066
2017-05-31,241.42,0.00395578150108256
2017-06-01,243.32,0.00293111466777572
2017-06-02,244.13,0.0030539871834961
2017-06-05,243.97,0.00231820668581232
2017-06-06,243.25,0.00289132076683391
2017-06-07,243.65,0.00337174004735371
2017-06-08,243.76,0.0040203303508371
2017-06-09,243.45,0.00558288269033008
2017-06-12,243.34,0.00424546263314786
2017-06-13,244.52,0.00312252640639527
2017-06-14,244.25,0.0047143435845969
2017-06-15,243.79,0.0041403271709643
2017-06-16,242.63,0.0036538989472867
2017-06-19,244.64,0.00251393793710971
2017-06-20,243.04,0.00315025123170061
2017-06-21,242.95,0.00353328741367762
2017-06-22,242.83,0.00302024327677874
2017-06-23,243.16,0.00271315007980673
2017-06-26,243.27,0.00360086406545344
2017-06-27,241.36,0.00432643177185009
2017-06-28,243.46,0.00327152289115246
2017-06-29,241.39,0.00698773771355636
2017-06-30,241.77,0.00380405060128144
2017-07-05,242.77,0.00377709304778779
2017-07-06,240.58,0.0044882789221853
2017-07-07,242.1,0.00316741448244615
2017-07-10,242.36,0.00267096396158986
2017-07-11,242.16,0.00390454045572335
2017-07-12,243.98,0.00325157875677508
2017-07-13,244.41,0.00268661850688667
2017-07-14,245.54,0.00237889911186939
2017-07-17,245.51,0.00248610221404766
2017-07-18,245.69,0.00270918842168971
2017-07-19,246.99,0.00201927818648853
2017-07-20,247.07,0.00325083408266872
2017-07-21,246.89,0.00264747252315236
2017-07-24,246.81,0.00195968320834885
2017-07-25,247.39,0.00226135213673189
2017-07-26,247.45,0.00257468626158907
2017-07-27,247.22,0.00488616079469379
2017-07-28,246.9,0.00331154003448594
2017-07-31,246.74,0.00261291447251131
2017-08-01,247.31,0.00251253737448275
2017-08-02,247.44,0.0031250792907506
2017-08-03,246.97,0.00271858329942435
2017-08-04,247.4,0.00300351298981911
2017-08-07,247.85,0.00154378203137444
2017-08-08,247.29,0.00337400704064226
2017-08-09,247.23,0.00414564018153926
2017-08-10,243.79,0.00560869094918014
2017-08-11,244.11,0.00416743067687881
2017-08-14,246.52,0.00282316312891088
2017-08-15,246.53,0.00313815530228248
2017-08-16,246.92,0.00360056625552333
2017-08-17,243.13,0.00616359451633529
2017-08-18,242.69,0.00569919286611538
2017-08-21,242.93,0.00425134882682469
2017-08-22,245.4,0.00296139110654378
2017-08-23,244.54,0.00335059710369255
2017-08-24,244.03,0.00433055959987277
2017-08-25,244.54,0.00366593682638235
2017-08-28,244.59,0.0028923651771615
2017-08-29,244.85,0.00411691153123781
2017-08-30,246.04,0.00287794607886845
2017-08-31,247.42,0.00313907525514468
2017-09-01,247.88,0.00230047601847915
2017-09-05,246.1,0.00529849012456047
2017-09-06,246.91,0.00351458997606444
2017-09-07,246.89,0.00358910485105862
2017-09-08,246.55,0.00279003827610455
2017-09-11,249.17,0.00219601554523467
2017-09-12,250.07,0.00248685743684423
2017-09-13,250.18,0.00206180674554106
2017-09-14,250.1,0.00214024869247869
2017-09-15,249.25,0.00195867876940601
2017-09-18,249.69,0.00222364483135577
2017-09-19,249.96,0.0021902849401419
2017-09-20,250.09,0.00363995442124339
2017-09-21,249.4,0.00257481544024344
2017-09-22,249.43,0.00216868188894867
2017-09-25,248.93,0.003920569607447
2017-09-26,249.05,0.00297803429308921
2017-09-27,250.03,0.00301617909779336
2017-09-28,250.35,0.00267752319994957
2017-09-29,251.2,0.00238891088813472
2017-10-02,252.29,0.00242299013619205
2017-10-03,252.85,0.00184319036768683
2017-10-04,253.16,0.0022280781466893
2017-10-05,254.65,0.00214968983698391
2017-10-06,254.4,0.00253106249896538
2017-10-09,253.95,0.00205395789110673
2017-10-10,254.6,0.00286202859374493
2017-10-11,255,0.00185306400850879
2017-10-12,254.61,0.00229153606286746
2017-10-13,254.91,0.00188286928852385
2017-10-16,255.3,0.00200421732884893
2017-10-17,255.46,0.00180871446082777
2017-10-18,255.69,0.00199774212290194
2017-10-19,255.82,0.0030523762017612
2017-10-20,257.09,0.00235288924700763
2017-10-23,256.14,0.00263354058092979
2017-10-24,256.55,0.00257454866210076
2017-10-25,255.31,0.00447820347609934
2017-10-26,255.59,0.00320700528963543
2017-10-27,257.69,0.00327087317470947
2017-10-30,256.8,0.00300182107947808
2017-10-31,257.11,0.00217207811391435
2017-11-01,257.51,0.0033831186575197
2017-11-02,257.61,0.00392258962097525
2017-11-03,258.45,0.00250283630933886
2017-11-06,258.82,0.00195953265132229
2017-11-07,258.68,0.0030367991656496
2017-11-08,259.12,0.00237327196498062
2017-11-09,258.19,0.00562198274563208
2017-11-10,258.08,0.0031759611758853
2017-11-13,258.34,0.00236733260532338
2017-11-14,257.74,0.00412920360025116
2017-11-15,256.43,0.00421089788024841
2017-11-16,258.61,0.00265254124271871
2017-11-17,257.88,0.00283684937374717
2017-11-20,258.29,0.00216947025378048
2017-11-21,259.96,0.00212750640942299
2017-11-22,259.77,0.00203472400949547
2017-11-27,260.26,0.00225203010103697
2017-11-28,262.85,0.00308704931011163
2017-11-29,262.73,0.00424797719975445
2017-11-30,264.88,0.00461278055524108
2017-12-01,264.44,0.012596102326087
2017-12-04,264.14,0.00501923756880795
2017-12-05,263.2,0.00428731736687585
2017-12-06,263.22,0.00409233485421589
2017-12-07,264.05,0.00339023403686286
2017-12-08,265.49,0.00289130706902262
2017-12-11,266.34,0.00238989910009647
2017-12-12,266.79,0.00281275993571752
2017-12-13,266.74,0.00334893120361522
2017-12-14,265.68,0.00352199480546821
2017-12-15,266.53,0.00311298114269765
2017-12-18,268.18,0.00265183661012792
2017-12-19,267.19,0.00314348740756614
2017-12-20,267.05,0.00360641345324753
2017-12-21,267.57,0.00243507205239411
2017-12-22,267.49,0.00235999311185624
2017-12-26,267.16,0.00206079660127273
2017-12-27,267.34,0.00198326700350698
2017-12-28,267.86,0.00159455369741187
2017-12-29,266.88,0.00270683819934968
2018-01-02,268.79,0.00274458197917745
2018-01-03,270.47,0.00253982193719041
2018-01-04,271.63,0.00271410779817551
2018-01-05,273.39,0.00264544341329618
2018-01-08,273.93,0.00236092946103032
2018-01-09,274.51,0.0033539172920275
2018-01-10,274.1,0.00368704691278967
2018-01-11,276.09,0.00267440415541513
2018-01-12,277.91,0.00308707204842089
2018-01-16,276.96,0.00599935758588818
2018-01-17,279.6,0.00424930191056944
2018-01-18,279.18,0.0043992102730519
2018-01-19,280.38,0.00354618188639921
2018-01-22,282.67,0.00355381313099551
2018-01-23,283.26,0.00447210993261799
2018-01-24,283.18,0.00636502845990095
2018-01-25,283.29,0.00594391878805292
2018-01-26,286.56,0.00360748404567531
2018-01-29,284.68,0.00531549965890816
2018-01-30,281.65,0.00665883326663306
2018-01-31,281.9,0.00602795590705028
2018-02-01,281.58,0.00619100358625084
2018-02-02,275.51,0.00801869100858481
2018-02-05,264.18,0.0218223610906058
2018-02-06,269.18,0.0265965164930762
2018-02-07,267.65,0.0142680570142985
2018-02-08,257.72,0.0196849137847263
2018-02-09,261.69,0.0245428215698125
2018-02-12,265.25,0.0130387658180672
2018-02-13,266,0.00983540168763847
2018-02-14,269.7,0.0103147777742228
2018-02-15,273.01,0.00841459104888493
2018-02-16,273.09,0.00909804154066847
2018-02-20,271.43,0.00820838457163353
2018-02-21,270,0.00976941780471163
2018-02-22,270.32,0.0102497000969553
2018-02-23,274.69,0.00658286934213315
2018-02-26,277.89,0.00529374468645169
2018-02-27,274.38,0.00867175146765664
2018-02-28,271.34,0.00889834726643792
2018-03-01,267.73,0.0161696013375444
2018-03-02,269.14,0.0123312918272461
2018-03-05,272.21,0.00868903656761528
2018-03-06,272.9,0.00832308853737134
2018-03-07,272.8,0.00839851278556855
2018-03-08,274.09,0.00677608694188027
2018-03-09,278.81,0.00485457989823789
2018-03-12,278.49,0.00565545101142272
2018-03-13,276.69,0.00769693851332768
2018-03-14,275.27,0.00839826456569804
2018-03-15,275,0.0058567318442034
2018-03-16,274.2,0.00477065685886522
2018-03-19,270.51,0.00802162131394398
2018-03-20,270.94,0.00630749573118128
2018-03-21,270.43,0.00855261050241503
2018-03-22,263.69,0.0114916965033998
2018-03-23,258.01,0.0130770420903229
2018-03-26,265.14,0.00989579201613603
2018-03-27,260.51,0.0135645194224065
2018-03-28,259.84,0.016662732460738
2018-03-29,263.49,0.00975268640912683
2018-04-02,257.54,0.0141245574254122
2018-04-03,260.78,0.0130203217185541
2018-04-04,263.83,0.0120957888465543
2018-04-05,265.64,0.00887175512826372
2018-04-06,259.79,0.0132648995187984
2018-04-09,260.86,0.00849615343835798
2018-04-10,265.13,0.0109651186912663
2018-04-11,263.76,0.00853181595562901
2018-04-12,265.9,0.00744233616436935
2018-04-13,265.15,0.00869431606623942
2018-04-16,267.32,0.00656899959958885
2018-04-17,270.15,0.00490498883882916
2018-04-18,270.37,0.00486956623766608
2018-04-19,268.86,0.00701767451141828
2018-04-20,266.61,0.00688039055837864
2018-04-23,266.58,0.00621842639994982
2018-04-24,263.04,0.0107050798366124
2018-04-25,263.57,0.00985972445212192
2018-04-26,266.31,0.00625812605628964
2018-04-27,266.58,0.00656612173269286
2018-04-30,264.44,0.00656493408905338
2018-05-01,265,0.0068363313420393
2018-05-02,263.21,0.00670414922953066
2018-05-03,262.61,0.0107775289915851
2018-05-04,266.01,0.00626959964208104
2018-05-07,266.9,0.00565228588833349
2018-05-08,266.89,0.0079740584216011
2018-05-09,269.48,0.00546449085810235
2018-05-10,272.01,0.00485708039749679
2018-05-11,272.64,0.00490576564247593
2018-05-14,272.92,0.00437275436148439
2018-05-15,271.03,0.00720983550966054
2018-05-16,272.21,0.00486226489739328
2018-05-17,272.02,0.00492104265796059
2018-05-18,271.34,0.00486111394336775
2018-05-21,273.36,0.00430577385156559
2018-05-22,272.56,0.00436570682283894
2018-05-23,273.36,0.00529106476345929
2018-05-24,272.85,0.00636801745749046
2018-05-25,272.18,0.00412689395293725
2018-05-29,269.1,0.00792005458114026
2018-05-30,272.58,0.0046352227087509
2018-05-31,270.75,0.0063273915334023
2018-06-01,273.65,0.0044894313174184
2018-06-04,274.89,0.00316930435602057
2018-06-05,275.2,0.00382101509727554
2018-06-06,277.51,0.00378743436249442
2018-06-07,277.33,0.00540067156780138
2018-06-08,278.19,0.00425275907306807
2018-06-11,278.56,0.00315866996739001
2018-06-12,278.98,0.00303811078690561
2018-06-13,277.94,0.00411256031594486
2018-06-14,278.72,0.00359541322067411
2018-06-15,277.2,0.00446496487358349
2018-06-18,276.57,0.00399230397161636
2018-06-19,275.52,0.00562970410785696
2018-06-20,275.99,0.00371559337971672
2018-06-21,274.24,0.00598424636042746
2018-06-22,274.71,0.0044293578073927
2018-06-25,271.02,0.00849412342392033
2018-06-26,271.56,0.00598644171935575
2018-06-27,269.26,0.00772760120139692
2018-06-28,270.94,0.00849684773804836
2018-06-29,271.19,0.0048322783801783
2018-07-02,271.93,0.00590076419534127
2018-07-05,273.09,0.00573728698584508
2018-07-06,275.37,0.00453379756913182
2018-07-09,277.89,0.00334129322501029
2018-07-10,278.81,0.00390287505297481
2018-07-11,276.9,0.00517087305380033
2018-07-12,279.3,0.00417842645546587
2018-07-13,279.58,0.00332062243636789
2018-07-16,279.35,0.00337960930507068
2018-07-17,280.5,0.00350938326127392
2018-07-18,281.05,0.00311401506024398
2018-07-19,280.03,0.00486021990093049
2018-07-20,279.73,0.00310547397970738
2018-07-23,280.24,0.00308609276099034
2018-07-24,281.56,0.00459148103944355
2018-07-25,284.14,0.00422257480266855
2018-07-26,283.29,0.00392724771053008
2018-07-27,281.47,0.00565404153109749
2018-07-30,279.9,0.00526612859953305
2018-07-31,281.23,0.00409090531483404
2018-08-01,280.92,0.00442411437848323
2018-08-02,282.34,0.00451032376000086
2018-08-03,283.65,0.00326434903016434
2018-08-06,284.68,0.00265017346540888
2018-08-07,285.54,0.00286501488590986
2018-08-08,285.42,0.00260362748919133
2018-08-09,285.06,0.0026052044625619
2018-08-10,283.11,0.00503116189560336
2018-08-13,282.05,0.00486201633408153
2018-08-14,283.85,0.00412777898584729
2018-08-15,281.76,0.00666070908954159
2018-08-16,284.1,0.00372394288062256
2018-08-17,285.01,0.00408345776021029
2018-08-20,285.71,0.0028008711210181
2018-08-21,286.26,0.00309882964711571
2018-08-22,286.19,0.0032464553257899
2018-08-23,285.77,0.00363837806108792
2018-08-24,287.51,0.00299789287212982
2018-08-27,289.72,0.00294008955382883
2018-08-28,289.88,0.00261520815038056
2018-08-29,291.46,0.00269725531314465
2018-08-30,290.23,0.00466370066028703
2018-08-31,290.23,0.00426116725761016
2018-09-04,289.87,0.0047036436145315
2018-09-05,289.06,0.00502820539166215
2018-09-06,288.19,0.00585383093658743
2018-09-07,287.55,0.00586456749661475
2018-09-10,288.1,0.00390973872200768
2018-09-11,289.12,0.00367310299221384
2018-09-12,289.17,0.00515557037447589
2018-09-13,290.82,0.00385881702101161
2018-09-14,290.9,0.00404322987367237
2018-09-17,289.34,0.00352116105554131
2018-09-18,290.9,0.0035353530479381
2018-09-19,291.25,0.00334561982452256
2018-09-20,293.55,0.00295133727322319
2018-09-21,292.01,0.00297451410353154
2018-09-24,291.07,0.00367381358452357
2018-09-25,290.7,0.0029039524856451
2018-09-26,289.85,0.00386247798201729
2018-09-27,290.65,0.00372988050979807
2018-09-28,290.61,0.00363577000534704
2018-10-01,291.67,0.00334079917137719
2018-10-02,291.57,0.00368679832230605
2018-10-03,291.78,0.00391779432003913
2018-10-04,289.47,0.00648149566242597
2018-10-05,287.89,0.00678588597696314
2018-10-08,287.79,0.00716828534597338
2018-10-09,287.43,0.00682482265742619
2018-10-10,278.32,0.011365525094819
2018-10-11,272.25,0.0194593311641856
2018-10-12,276.03,0.0142761684319798
2018-10-15,274.46,0.00896627380886795
2018-10-16,280.29,0.00637004945847272
2018-10-17,280.41,0.00906904685253886
2018-10-18,276.5,0.0119593389167344
2018-10-19,276.2,0.00898468883281785
2018-10-22,275.06,0.00946696627897977
2018-10-23,273.53,0.0129031225127922
2018-10-24,265.21,0.0144451643082806
2018-10-25,270.13,0.0112885136124724
2018-10-26,265.28,0.0185558540785916
2018-10-29,263.81,0.0154370522806855
2018-10-30,267.81,0.0152088115149382
2018-10-31,270.69,0.0093818776988811
2018-11-01,273.51,0.00913550021054193
2018-11-02,271.8,0.0126557129041741
2018-11-05,273.43,0.00625798117460534
2018-11-06,275.1,0.00601516457983556
2018-11-07,280.92,0.00591843459319428
2018-11-08,280.43,0.00672275630235237
2018-11-09,277.84,0.00801664649015437
2018-11-12,272.49,0.00994262237274736
2018-11-13,272.06,0.0120732045816674
2018-11-14,270.14,0.0120233102012854
2018-11-15,273.04,0.0141081377930891
2018-11-16,273.68,0.00975921701095079
2018-11-19,269.12,0.0111803656665915
2018-11-20,264.18,0.0128681917081937
2018-11-21,265.08,0.0075657012614751
2018-11-26,267.45,0.00634896370713195
2018-11-27,268.34,0.00763543751642996
2018-11-28,274.5,0.00850363085767338
2018-11-29,273.95,0.00770235054459254
2018-11-30,275.75,0.00587945266071258
2018-12-03,279.25,0.00755100076743751
2018-12-04,270.4,0.0122611027558962
2018-12-06,269.96,0.0149685770789074
2018-12-07,263.65,0.0147149875330286
2018-12-10,264.07,0.016372328416213
2018-12-11,264.09,0.0129133627667677
2018-12-12,265.52,0.00989566542900187
2018-12-13,265.4,0.0117050014313035
2018-12-14,260.49,0.0103071172862732
2018-12-17,255.28,0.0125760615040145
2018-12-18,255.16,0.0114092030162516
2018-12-19,251.18,0.0221504059839103
2018-12-20,247.23,0.0209511110261182
2018-12-21,240.71,0.018657933345161
2018-12-26,245.95,0.0176735203170148
2018-12-27,248.17,0.0204143606019085
2018-12-28,247.8,0.0167659093328974
2018-12-31,250.06,0.0128567398047177
2019-01-02,250.26,0.0135937011949806
2019-01-03,244.12,0.0153092260549996
2019-01-04,252.44,0.0121940560382506
2019-01-07,254.28,0.00997168403856581
2019-01-08,256.7,0.00900788236011809
2019-01-09,257.87,0.00917565297163496
2019-01-10,258.96,0.00780824057786475
2019-01-11,258.93,0.00614850729144607
2019-01-14,257.45,0.00613352654454887
2019-01-15,260.38,0.00702044938679748
2019-01-16,260.95,0.00530717906685776
2019-01-17,262.98,0.00701237982222611
2019-01-18,266.41,0.00640817399044455
2019-01-22,262.91,0.00929767998920436
2019-01-23,263.31,0.008308789478693
2019-01-24,263.6,0.00737629504730354
2019-01-25,265.82,0.00571258183736991
2019-01-28,263.78,0.00717874857365492
2019-01-29,263.43,0.00564692904432942
2019-01-30,267.59,0.00782183428938449
2019-01-31,269.89,0.00610041518658406
2019-02-01,270.08,0.00632425756616866
2019-02-04,272,0.00448016022602784
2019-02-05,273.19,0.00433548191551854
2019-02-06,272.75,0.00454094410976848
2019-02-07,270.18,0.00761312883595746
2019-02-08,270.48,0.0060264184711217
2019-02-11,270.65,0.00534371624648649
2019-02-12,274.11,0.00365402584074732
2019-02-13,274.98,0.00400008492643602
2019-02-14,274.38,0.00719776075745361
2019-02-15,277.39,0.00498613455342555
2019-02-19,277.85,0.00335858069934298
2019-02-20,278.44,0.00538339464433147
2019-02-21,277.46,0.00519304388646047
2019-02-22,279.14,0.00418455272542482
2019-02-25,279.57,0.00372340975064429
2019-02-26,279.34,0.00452757365289133
2019-02-27,279.23,0.00478912721554864
2019-02-28,278.6,0.00442647736040497
2019-03-01,280.48,0.004050895669458
2019-03-04,279.4,0.00718868894860038
2019-03-05,279.06,0.00494401524336012
2019-03-06,277.3,0.00549288873397443
2019-03-07,275.08,0.00754974734437649
2019-03-08,274.52,0.00702824431464478
2019-03-11,278.5,0.00394811653138891
2019-03-12,279.44,0.0047481110705147
2019-03-13,281.33,0.00433635268808985
2019-03-14,281.19,0.00406828281122498
2019-03-15,281.35,0.00384319304519689
2019-03-18,282.39,0.00347387954470861
2019-03-19,282.47,0.00572886387560263
2019-03-20,281.53,0.00729333525918521
2019-03-21,284.67,0.00532510890637448
2019-03-22,279.25,0.00910197040938818
2019-03-25,279.02,0.00809463679937793
2019-03-26,281.03,0.00632354727757947
2019-03-27,279.72,0.00785727554485484
2019-03-28,280.79,0.00606949502640444
2019-03-29,282.6,0.00543346875480371
2019-04-01,285.89,0.00416132828437157
2019-04-02,285.98,0.00350663978077397
2019-04-03,286.52,0.00435757059184528
2019-04-04,287.21,0.00426465757299648
2019-04-05,288.53,0.00330552120083645
2019-04-08,288.81,0.00315057777617114
2019-04-09,287.3,0.00438504695489603
2019-04-10,288.29,0.00360436732774272
2019-04-11,288.23,0.00413755773116474
2019-04-12,290.18,0.00300055847971118
2019-04-15,290,0.00263219103092707
2019-04-16,290.18,0.00307696694350688
2019-04-17,289.48,0.00419033063319942
2019-04-18,290.01,0.00324788149260908
2019-04-22,290.31,0.00268728239454707
2019-04-23,292.87,0.00286624503471517
2019-04-24,292.24,0.00319079188544955
2019-04-25,292.08,0.00416377103469435
2019-04-26,293.44,0.00402856349204618
2019-04-29,293.82,0.00282037676026302
2019-04-30,293.96,0.00405163607187635
2019-05-01,291.84,0.00590969091935147
2019-05-02,291.26,0.0069437794097634
2019-05-03,294.03,0.00369575112230412
2019-05-06,292.86,0.00578660816826518
2019-05-07,288.04,0.0100501553131433
2019-05-08,287.56,0.00933736466924638
2019-05-09,286.75,0.0101692481982444
2019-05-10,288.03,0.0109651359206985
2019-05-13,280.96,0.0107488680166117
2019-05-14,283.32,0.0068919047085251
2019-05-15,285.06,0.00762466028899616
2019-05-16,287.63,0.00558617557082735
2019-05-17,285.9,0.0085161591112485
2019-05-20,283.98,0.00716054013458542
2019-05-21,286.49,0.0043767681325135
2019-05-22,285.62,0.00519290294458984
2019-05-23,282.27,0.00755075523259626
2019-05-24,282.81,0.00473214974614882
2019-05-28,280.2,0.00576712585072439
2019-05-29,278.34,0.00782872592378646
2019-05-30,279.05,0.00591534740994199
2019-05-31,275.37,0.0062090562120654
2019-06-03,274.56,0.011114790122219
2019-06-04,280.52,0.00598428597609505
2019-06-05,282.91,0.00630186746317021
2019-06-06,284.75,0.00622664353235701
2019-06-07,287.63,0.00530007204382744
2019-06-10,288.94,0.00488350649797285
2019-06-11,288.89,0.00555637319289971
2019-06-12,288.35,0.00431743704816205
2019-06-13,289.65,0.00476156956024098
2019-06-14,289.19,0.00406765203568556
2019-06-17,289.44,0.00336322197567943
2019-06-18,292.29,0.00571688828307451
2019-06-19,293.06,0.00617484223597527
2019-06-20,295.84,0.00468757155011954
2019-06-21,294.09,0.00433640368930987
2019-06-24,293.64,0.00326240553795037
2019-06-25,290.79,0.00521356985611631
2019-06-26,290.46,0.00424685006766492
2019-06-27,291.55,0.00412740567894843
2019-06-28,293.1,0.00354868744373442
2019-07-01,295.61,0.00448447470569979
2019-07-02,296.46,0.00395686367948608
2019-07-05,298.36,0.00442157000832346
2019-07-08,296.87,0.00316409843592042
2019-07-09,297.26,0.00304796109128503
2019-07-10,298.61,0.00451484414421472
2019-07-11,299.3,0.00356602593052656
2019-07-12,300.68,0.00236252107329394
2019-07-15,300.75,0.00248400989175743
2019-07-16,299.73,0.00337040742549253
2019-07-17,297.77,0.00325511124783329
2019-07-18,298.85,0.00421201519028064
2019-07-19,297.12,0.00516226125808242
2019-07-22,297.93,0.00375464029314723
2019-07-23,299.96,0.00358739950669407
2019-07-24,301.38,0.0031915459817989
2019-07-25,299.97,0.00545724048401099
2019-07-26,301.99,0.00277788265384743
2019-07-29,301.48,0.00287616051046983
2019-07-30,300.81,0.0039350670722372
2019-07-31,297.38,0.0108614333144949
2019-08-01,294.88,0.0116156626445552
2019-08-02,292.76,0.0093263265316786
2019-08-05,284.04,0.0109435631054629
2019-08-06,287.77,0.00940421374255525
2019-08-07,288.03,0.0127559683872975
2019-08-08,293.55,0.00629717438674912
2019-08-09,291.59,0.00914881332618664
2019-08-12,288.1,0.00741089505867711
2019-08-13,292.43,0.0129591782137237
2019-08-14,283.94,0.0115937454891948
2019-08-15,284.69,0.0104819816202708
2019-08-16,288.86,0.00593644834819057
2019-08-19,292.31,0.00408790328756571
2019-08-20,290.06,0.00634197501271257
2019-08-21,292.43,0.0046901044871939
2019-08-22,292.31,0.0063311338682976
2019-08-23,284.81,0.0124263798276021
2019-08-26,287.97,0.00761708497188977
2019-08-27,286.85,0.00759339306437748
2019-08-28,288.83,0.00625157420878585
2019-08-29,292.56,0.00596830541527769
2019-08-30,292.46,0.00593093021513735
2019-09-03,290.77,0.00815705796852672
2019-09-04,293.97,0.00349993164915915
2019-09-05,297.84,0.00448824878850221
2019-09-06,298.07,0.00375579122955266
2019-09-09,298.15,0.0036410125447197
2019-09-10,298.2,0.00518825240550818
2019-09-11,300.29,0.00343487648838257
2019-09-12,301.27,0.006846109609886
2019-09-13,301.05,0.00357070818892185
2019-09-16,300.16,0.00415115300127765
2019-09-17,300.94,0.00339141279484497
2019-09-18,301.1,0.00690944656478603
2019-09-19,301.05,0.00416905345358739
2019-09-20,298.13,0.00717359840561737
2019-09-23,298.26,0.00355284749100995
2019-09-24,295.81,0.00936178840114616
2019-09-25,297.6,0.00577372559039816
2019-09-26,296.97,0.0062113968600785
2019-09-27,295.36,0.00768744287342725
2019-09-30,296.81,0.00442285764308438
2019-10-01,293.22,0.00707713313293234
2019-10-02,288.04,0.0075929298421205
2019-10-03,290.37,0.010923080920251
2019-10-04,294.37,0.00573192372684448
2019-10-07,293.11,0.00624983346998164
2019-10-08,288.56,0.00998820001097152
2019-10-09,291.23,0.0059046915447039
2019-10-10,293.25,0.00652506512472302
2019-10-11,296.26,0.00793202428655033
2019-10-14,296,0.00395317027700062
2019-10-15,298.9,0.00405357783351059
2019-10-16,298.41,0.00350212885196142
2019-10-17,299.24,0.00415654894175208
2019-10-18,297.98,0.00453029563985484
2019-10-21,300.05,0.00310088824634321
2019-10-22,299.03,0.00409383384851047
2019-10-23,299.86,0.0035141891523586
2019-10-24,300.42,0.00368200346911178
2019-10-25,301.64,0.00323642408468545
2019-10-28,303.35,0.00282694671207296
2019-10-29,303.2,0.00371181123411902
2019-10-30,304.14,0.00515160758385826
2019-10-31,303.26,0.00517921812558825
2019-11-01,306.18,0.00308210796304165
2019-11-04,307.34,0.00283533381179444
2019-11-05,307,0.00354280788287079
2019-11-06,307.13,0.00370017277320868
2019-11-07,308.22,0.0045105047373699
2019-11-08,308.96,0.00343698631133347
2019-11-11,308.39,0.00213249704767188
2019-11-12,308.94,0.00319131578220238
2019-11-13,309.07,0.00437517075383955
2019-11-14,309.53,0.00364421134559222
2019-11-15,311.82,0.00247008195117864
2019-11-18,312,0.00303262922735585
2019-11-19,311.89,0.00338919064490414
2019-11-20,310.79,0.00555472862236465
2019-11-21,310.29,0.00429270782339721
2019-11-22,310.97,0.00317544792571705
2019-11-25,313.35,0.00224622298170356
2019-11-26,314.02,0.00280429440934434
2019-11-27,315.44,0.00218556799074662
2019-12-02,311.6,0.00581039852947013
2019-12-03,309.49,0.00604106878409269
2019-12-04,311.47,0.00351726521940778
2019-12-05,312.04,0.003881040242985
2019-12-06,314.83,0.00252629392789796
2019-12-09,313.87,0.00236399613838733
2019-12-10,313.55,0.00412247968000795
2019-12-11,314.41,0.00318713874592027
2019-12-12,317.13,0.00724048987422316
2019-12-13,317.27,0.00635367520519309
2019-12-16,319.51,0.00248864695713813
2019-12-17,319.56,0.00296011029959075
2019-12-18,319.57,0.00242131924741584
2019-12-19,320.92,0.0021318264749933
2019-12-20,320.96,0.00226568008616322
2019-12-23,321.24,0.00173174245665919
2019-12-26,322.91,0.0018226764811824
2019-12-27,322.88,0.00265720153140533
2019-12-30,321.11,0.00414312904758837
2019-12-31,321.89,0.00376962592731625
2020-01-02,324.84,0.00362626484895703
2020-01-03,322.44,0.00557604939590342
2020-01-06,323.67,0.00336635179281114
2020-01-07,322.76,0.0035891571532011
2020-01-08,324.41,0.00472158458345223
2020-01-09,326.62,0.00342762472522503
2020-01-10,325.7,0.00393343343124226
2020-01-13,327.96,0.00276072162376136
2020-01-14,327.45,0.00542071984661723
2020-01-15,328.17,0.00415132664498889
2020-01-16,330.91,0.00279666013883391
2020-01-17,332.01,0.00281900769656301
2020-01-21,331.32,0.00368990443575406
2020-01-22,331.39,0.0032109645024304
2020-01-23,331.74,0.00452121708167335
2020-01-24,328.76,0.00685320139979724
2020-01-27,323.52,0.0066587772557173
2020-01-28,326.89,0.00448255283206784
2020-01-29,326.62,0.00497364748297331
2020-01-30,327.66,0.00786800663970561
2020-01-31,321.75,0.00950221515981831
2020-02-03,324.14,0.00580924157556744
2020-02-04,329.1,0.00410673524402985
2020-02-05,332.82,0.00542300274480643
2020-02-06,333.97,0.00420195477599528
2020-02-07,332.2,0.00536682170336884
2020-02-10,334.69,0.003570350796021
2020-02-11,335.28,0.00452652176063931
2020-02-12,337.41,0.00356501513895245
2020-02-13,337.08,0.00499585473653094
2020-02-14,337.6,0.00367361035645818
2020-02-18,336.71,0.00448666325586327
2020-02-19,338.31,0.00301353064399521
2020-02-20,336.97,0.00782799856314398
2020-02-21,333.51,0.00716348895715312
2020-02-24,322.41,0.0105892171515281
2020-02-25,312.7,0.0168810820796496
2020-02-26,311.56,0.0163946189952599
2020-02-27,297.53,0.0217602947667554
2020-02-28,295.85,0.0350488526573308
2020-03-02,309.08,0.0225119217605237
2020-03-03,300.31,0.0397842306035829
2020-03-04,312.89,0.0176823779632483
2020-03-05,302.44,0.0186373248667332
2020-03-06,297.41,0.0237941694766372
2020-03-09,274.44,0.0320390249230031
2020-03-10,288.5,0.0316372655542959
2020-03-11,274.36,0.0278369278291479
2020-03-12,248.08,0.0524731790682419
2020-03-13,270.93,0.0464612095024681
2020-03-16,239.54,0.0505668278287377
2020-03-17,254.19,0.054254580334965
2020-03-18,241.01,0.0530506828830756
2020-03-19,241.17,0.0458431249146527
2020-03-20,228.87,0.0409062782956353
2020-03-23,222.48,0.0499834947111625
2020-03-24,243.54,0.0297963895689294
2020-03-25,246.75,0.0360727148884294
2020-03-26,261.39,0.0327643701463545
2020-03-27,253.38,0.0277592822689449
2020-03-30,261.68,0.0198229949790615
2020-03-31,257.66,0.0200657027505193
2020-04-01,246.13,0.0203317560281696
2020-04-02,251.9,0.0275804965719269
2020-04-03,248.22,0.0202404307908695
2020-04-06,264.98,0.0157977261748851
2020-04-07,265.11,0.0247342051542416
2020-04-08,274.11,0.0174508493562968
2020-04-09,278.23,0.0191082658084214
2020-04-13,275.56,0.0161045870734885
2020-04-14,283.87,0.0118533452297715
2020-04-15,277.74,0.0137580202997578
2020-04-16,279.21,0.0143750614936267
2020-04-17,286.75,0.0116501230251676
2020-04-20,281.59,0.0121748811323544
2020-04-21,273.02,0.0171747498035805
2020-04-22,279.18,0.00994605896608617
2020-04-23,279.08,0.0168961464215596
2020-04-24,283.04,0.0101118666458788
2020-04-27,287.11,0.00730590639213892
2020-04-28,285.77,0.0120979216745612
2020-04-29,293.19,0.00933649851167104
2020-04-30,290.26,0.0121777557488308
2020-05-01,282.73,0.0109529589236538
2020-05-04,283.68,0.00888924482251759
2020-05-05,286.2,0.00868210584469743
2020-05-06,284.29,0.0101415116376232
2020-05-07,287.7,0.00894001908694898
2020-05-08,292.46,0.0065036811719616
2020-05-11,292.55,0.00722887247206279
2020-05-12,286.61,0.00956605397169978
2020-05-13,281.67,0.0157822932144149
2020-05-14,285.05,0.0155827590695619
2020-05-15,286.26,0.0118384448223283
2020-05-18,295,0.00746076611643032
2020-05-19,292.01,0.0099873470953854
2020-05-20,296.96,0.00785017056354814
2020-05-21,294.78,0.00984809120116392
2020-05-22,295.42,0.00665329705013701
2020-05-26,299.16,0.00687836483794677
2020-05-27,303.48,0.0101853118086297
2020-05-28,302.96,0.00979624817495501
2020-05-29,304.05,0.0140183923597366
2020-06-01,305.58,0.00646352610652246
2020-06-02,308.12,0.00671528143471201
2020-06-03,312.21,0.00557700751639044
2020-06-04,311.31,0.00785003252561195
2020-06-05,319.28,0.00854610318989299
2020-06-08,323.25,0.00604215915752941
2020-06-09,320.81,0.00727985354024498
2020-06-10,319.01,0.0126358900462055
2020-06-11,300.59,0.0163636594329567
2020-06-12,304.27,0.0218637164785453
2020-06-15,307.03,0.015719097392247
2020-06-16,312.93,0.0184219874878677
2020-06-17,311.56,0.0109039478513457
2020-06-18,311.74,0.00851992415719954
2020-06-19,308.58,0.0120019304087976
2020-06-22,310.66,0.00746353925593812
2020-06-23,312.03,0.00778249836327363
2020-06-24,304.11,0.0133074206026354
2020-06-25,307.27,0.0122520901762872
2020-06-26,300.01,0.0132457228979546
2020-06-29,304.43,0.00913859306449261
2020-06-30,308.72,0.0086794857254465
2020-07-01,310.58,0.00860164384035008
2020-07-02,312.18,0.00755465940278901
2020-07-06,316.99,0.00614177948971827
2020-07-07,313.71,0.0068380411455927
2020-07-08,316.13,0.00798541763623808
2020-07-09,314.42,0.0107845137026959
2020-07-10,317.64,0.00800428295340782
2020-07-13,314.8,0.00967216641890135
2020-07-14,318.9,0.0140564866234468
2020-07-15,321.87,0.0100142010611459
2020-07-16,320.81,0.0074141237618525
2020-07-17,321.67,0.00557255664009086
2020-07-20,324.34,0.00558141177436069
2020-07-21,324.96,0.00723787662280465
2020-07-22,326.82,0.00519701885191147
2020-07-23,322.93,0.00923014182683808
2020-07-24,320.85,0.00842052529699917
2020-07-27,323.19,0.00499081129353006
2020-07-28,321.19,0.00598458499480984
2020-07-29,325.09,0.00569883154141514
2020-07-30,323.98,0.00831697690697415
2020-07-31,326.53,0.00913542587364768
2020-08-03,328.76,0.00539063241357816
2020-08-04,330.02,0.00469378144773576
2020-08-05,332.08,0.00409553711506264
2020-08-06,334.31,0.00507656285091197
2020-08-07,334.55,0.00681159759279749
2020-08-10,335.55,0.00544370643376931
2020-08-11,332.82,0.00815321691391767
2020-08-12,337.42,0.00546192752252532
2020-08-13,336.85,0.0061219079753042
2020-08-14,336.86,0.00526626367589281
2020-08-17,337.87,0.00240411475542185
2020-08-18,338.61,0.00475953423039273
2020-08-19,337.22,0.00516041763341791
2020-08-20,338.25,0.00446544739467914
2020-08-21,339.44,0.00452865668760784
2020-08-24,342.94,0.00483422476629158
2020-08-25,344.1,0.00463645633219398
2020-08-26,347.56,0.00444409525637066
2020-08-27,348.29,0.0084385053828774
2020-08-28,350.56,0.0050989738149884
2020-08-31,349.63,0.00625209661466075
2020-09-01,352.57,0.00508105779271855
2020-09-02,357.7,0.00657649127839455
2020-09-03,345.42,0.0180538809339233
2020-09-04,342.59,0.0208861212902792
2020-09-08,333.25,0.0161734785491203
2020-09-09,339.77,0.00888839659509762
2020-09-10,333.91,0.0156975775463899
2020-09-11,334.07,0.0134578964876921
2020-09-14,338.42,0.00806492093373
2020-09-15,340.16,0.00587011940586908
2020-09-16,338.81,0.00904811393935894
2020-09-17,335.86,0.0116386909711848
2020-09-18,330.67,0.0110680702630793
2020-09-21,327.01,0.0131591682389697
2020-09-22,330.33,0.00898041687943321
2020-09-23,322.66,0.011488179661042
2020-09-24,323.51,0.0143906203036304
2020-09-25,328.71,0.010215468264889
2020-09-28,334.18,0.00745159403617755
2020-09-29,332.38,0.00742583935110303
2020-09-30,334.89,0.0110449508303701
2020-10-01,337.02,0.00990197123522375
2020-10-02,333.86,0.0121573184588803
2020-10-05,339.73,0.0048555168233259
2020-10-06,334.94,0.012266172925937
2020-10-07,340.73,0.00621908689956055
2020-10-08,343.74,0.00543522593197839
2020-10-09,346.83,0.00494776600341184
2020-10-12,352.43,0.00509082356121099
2020-10-13,350.15,0.00792171964586616
2020-10-14,347.97,0.00844091947515031
2020-10-15,347.5,0.00722693842855784
2020-10-16,347.26,0.00597517172671237
2020-10-19,342.01,0.00886093506800997
2020-10-20,343.37,0.00994595807778282
2020-10-21,342.67,0.00896164317325753
2020-10-22,344.62,0.00809979032893632
2020-10-23,345.74,0.0058563313566963
2020-10-26,339.42,0.00978902452369031
2020-10-27,338.25,0.00761691982464187
2020-10-28,326.71,0.0122720342074289
2020-10-29,329.99,0.0121567271976076
2020-10-30,326.78,0.015593274811287
2020-11-02,330.2,0.011181641244964
2020-11-03,335.98,0.00903060545597801
2020-11-04,343.5,0.0130870234011365
2020-11-05,350.21,0.00829059112201151
2020-11-06,350.19,0.00881231014518042
2020-11-09,354.54,0.0140436360564814
2020-11-10,354.06,0.0125035074254258
2020-11-11,356.63,0.00614567965017952
2020-11-12,353.26,0.00865015235914344
2020-11-13,358.06,0.00624923049524802
2020-11-16,362.44,0.00644568352018952
2020-11-17,360.64,0.00598814698063005
2020-11-18,356.3,0.00637469833157334
2020-11-19,357.76,0.00662878592164039
2020-11-20,355.34,0.00563167866610236
2020-11-23,357.47,0.00667107465356325
2020-11-24,363.19,0.00571934369423168
2020-11-25,362.65,0.00456897891347454
2020-11-27,363.79,0.00330804280249537
2020-11-30,362.01,0.00651497220722288
2020-12-01,365.97,0.00594389148166624
2020-12-02,366.75,0.00465607711088936
2020-12-03,366.66,0.00582468645583241
2020-12-04,369.84,0.00373716094177441
2020-12-07,369.13,0.00402789266398621
2020-12-08,370.16,0.00362759553767328
2020-12-09,366.88,0.00794652273182422
2020-12-10,366.72,0.00717129611976283
2020-12-11,366.28,0.00604763667983371
2020-12-14,364.61,0.00695365949776872
2020-12-15,369.57,0.00483405774303256
2020-12-16,370.15,0.00451822358451978
2020-12-17,372.21,0.00378252650105494
2020-12-18,369.29,0.00684024994373231
2020-12-21,367.93,0.0088492246392614
2020-12-22,367.22,0.00566324591108026
2020-12-23,367.53,0.00433696440186115
2020-12-24,368.97,0.00310114819976273
2020-12-28,372.13,0.00275305409109504
2020-12-29,371.49,0.0052556157219039
2020-12-30,371.93,0.00338217443620365
2020-12-31,373.87,0.00398973634817592
2021-01-04,368.85,0.0106720330228459
2021-01-05,371.29,0.00707673545638036
2021-01-06,373.54,0.0107182303030935
2021-01-07,379.06,0.00539796476080541
2021-01-08,381.24,0.00797197286751823
2021-01-11,378.74,0.00665500494162893
2021-01-12,378.82,0.00661296686720014
2021-01-13,379.75,0.00468894352933382
2021-01-14,378.45,0.00458626693551179
2021-01-15,375.68,0.00736220092777795
2021-01-19,378.64,0.00476005714099808
2021-01-20,383.86,0.00442887568943341
2021-01-21,384.19,0.0041123756946031
2021-01-22,382.85,0.00437775089246673
2021-01-25,384.4,0.00977446521309058
2021-01-26,383.82,0.00545280733887471
2021-01-27,374.45,0.0126898380827668
2021-01-28,377.6,0.0098027222410355
2021-01-29,370.08,0.0146045002004146
2021-02-01,376.2,0.00797477535855656
2021-02-02,381.54,0.00534243808756078
2021-02-03,381.86,0.00606771692819604
2021-02-04,386.18,0.00412494587708149
2021-02-05,387.69,0.00400535027282406
2021-02-08,390.53,0.00357658329230403
2021-02-09,390.27,0.00329559401452588
2021-02-10,390.09,0.00746188457672402
2021-02-11,390.73,0.00604122826980464
2021-02-12,392.7,0.00361412173678775
2021-02-16,392.35,0.00596110419086375
2021-02-17,392.44,0.00678371662969816
2021-02-18,390.76,0.00632975532395936
2021-02-19,390.04,0.00564089120298321
2021-02-22,387.1,0.00615917591239992
2021-02-23,387.5,0.0113078787630636
2021-02-24,391.76,0.00799613451595565
2021-02-25,382.39,0.0140599956923013
2021-02-26,380.23,0.0154396549702702
2021-03-01,389.52,0.00634269032896878
2021-03-02,386.55,0.00841786114935932
2021-03-03,381.47,0.0107623319428395
2021-03-04,376.73,0.0189124841336432
2021-03-05,383.6,0.0174705036377534
2021-03-08,381.74,0.0122423365317144
2021-03-09,387.11,0.00720725025506985
2021-03-10,389.51,0.00920526583371857
2021-03-11,393.49,0.00524142965763546
2021-03-12,394.09,0.00592934735106745
2021-03-15,396.48,0.00444775138729894
2021-03-16,395.94,0.00517476897809983
2021-03-17,397.21,0.00841342467258917
2021-03-18,391.43,0.0072337593733841
2021-03-19,389.5,0.0081172899135271
2021-03-22,392.52,0.00444523621064894
2021-03-23,389.5,0.00683070739440727
2021-03-24,387.49,0.00717543904490856
2021-03-25,389.64,0.00993778870586569
2021-03-26,395.95,0.00660516861974545
2021-03-29,395.76,0.00810693567851321
2021-03-30,394.79,0.006767112577572
2021-03-31,396.25,0.00434243286200621
2021-04-01,400.53,0.00321955553091276
2021-04-05,406.3,0.00375803141263413
2021-04-06,406.06,0.00350660125253133
2021-04-07,406.58,0.00388631405034549
2021-04-08,408.49,0.00303759435538537
2021-04-09,411.44,0.00293917678464199
2021-04-12,411.61,0.00334414100839221
2021-04-13,412.81,0.00289275443864966
2021-04-14,411.48,0.0049929108420506
2021-04-15,415.82,0.00348521551756793
2021-04-16,417.31,0.00345108638336298
2021-04-19,415.26,0.0055562891835572
2021-04-20,412.22,0.00549919929677221
2021-04-21,416.08,0.00392105221433813
2021-04-22,412.3,0.00840589802122374
2021-04-23,416.7,0.0036435070910411
2021-04-26,417.64,0.00381956021188922
2021-04-27,417.49,0.00365717593633747
2021-04-28,417.35,0.00440779793225811
2021-04-29,420,0.00537815419061613
2021-04-30,417.3,0.00542215333878157
2021-05-03,418.17,0.00452783467313049
2021-05-04,415.65,0.00792220697833085
2021-05-05,415.73,0.00513414941287828
2021-05-06,419.08,0.00675048454552195
